symbol,reason,score,close,pivot,dist_to_pivot_pct,box_span_pct,atr_ratio,vol5_to_vol50,uptrend,within_20pct_high,nr7_today,inside_today,tv20_cr
360ONE,ranked,0.1973,1083.8,1228.8,11.8,15.67,0.78,0.85,False,True,False,False,265.92
3MINDIA,ranked,0.0459,30900.0,32090.0,3.71,10.24,1.19,1.97,False,False,True,False,20.94
AADHARHFC,ranked,0.1,508.05,537.5,5.48,17.52,1.41,2.29,True,True,False,False,72.28
AARTIIND,ranked,0.1314,442.1,459.65,3.82,9.53,0.88,1.18,False,False,False,False,51.76
AAVAS,ranked,0.1844,1760.0,2013.9,12.61,16.1,0.92,0.44,False,False,False,False,32.88
ABB,ranked,0.1984,5590.0,5872.0,4.8,7.23,1.08,0.87,False,False,False,False,186.2
ABBOTINDIA,ranked,0.4048,34720.0,35290.0,1.62,7.85,1.09,0.83,True,True,False,False,23.45
ABCAPITAL,ranked,0.2557,252.5,273.75,7.76,9.37,0.92,0.71,False,True,True,False,85.22
ABFRL,below_price_floor,,75.39,,,,,,,,,,
ABREL,ranked,0.0545,1937.5,2253.5,14.02,16.91,0.94,1.34,False,False,True,True,35.26
ABSLAMC,ranked,0.2853,875.0,901.25,2.91,7.23,1.01,1.08,True,True,False,True,36.87
ACC,ranked,0.0687,1829.0,1998.0,8.46,9.68,1.15,1.82,False,False,True,True,78.23
ACE,ranked,0.2109,1124.9,1199.0,6.18,10.78,0.82,0.59,False,False,False,False,15.61
ACMESOLAR,insufficient_history,,,,,,,,,,,,
ADANIENSOL,ranked,0.2301,828.3,887.8,6.7,10.56,0.81,0.52,False,False,False,False,153.88
ADANIENT,ranked,0.3783,2546.3,2654.5,4.08,5.77,0.72,0.46,False,False,False,False,114.4
ADANIGREEN,ranked,0.1639,1016.4,1054.9,3.65,8.06,0.94,1.13,False,False,False,False,200.73
ADANIPORTS,ranked,0.3967,1397.0,1474.0,5.22,7.19,0.77,0.38,False,True,False,True,135.99
ADANIPOWER,ranked,0.2955,591.6,619.3,4.47,9.85,0.8,0.56,True,False,False,False,263.12
AEGISLOG,ranked,0.4436,728.55,761.0,4.26,5.63,0.56,0.29,False,False,False,False,23.05
AFCONS,insufficient_history,,,,,,,,,,,,
AFFLE,ranked,0.1317,1965.0,2025.0,2.96,12.82,1.06,1.2,True,True,False,False,53.55
AIAENG,ranked,0.214,3183.4,3472.0,8.31,9.74,0.96,0.56,False,False,False,False,16.79
AIIL,ranked,0.1457,2825.0,2896.0,2.45,22.3,1.54,3.17,True,True,False,False,120.8
AJANTPHARM,ranked,0.3532,2827.0,2862.4,1.24,9.56,1.11,0.74,False,True,False,False,48.39
AKUMS,ranked,0.3026,543.0,569.8,4.7,8.2,0.82,0.43,False,False,False,False,13.91
ALIVUS,ranked,0.238,1019.8,1102.7,7.52,9.18,0.95,0.51,False,False,True,False,8.83
ALKEM,ranked,0.5777,5069.0,5097.5,0.56,6.13,0.71,0.45,False,False,False,False,55.6
ALKYLAMINE,ranked,0.351,2207.9,2348.8,6.0,9.28,1.01,0.34,True,True,False,False,22.43
ALOKINDS,below_price_floor,,19.6,,,,,,,,,,
AMBER,ranked,0.2243,7833.0,8008.5,2.19,10.28,1.13,1.27,True,True,False,False,293.71
AMBUJACEM,ranked,0.4168,611.75,624.95,2.11,6.61,0.92,0.9,True,True,False,False,147.86
ANANDRATHI,ranked,0.4217,2688.4,2698.2,0.36,17.93,1.84,0.59,True,True,True,False,132.0
ANANTRAJ,ranked,0.0256,580.0,620.0,6.45,12.52,1.08,1.61,False,False,False,False,183.41
ANGELONE,ranked,0.1868,2649.0,2872.0,7.76,11.02,0.83,0.69,False,False,False,False,365.6
APARINDS,ranked,0.234,9716.0,9855.0,1.41,13.94,1.19,2.57,True,True,False,False,110.18
APLAPOLLO,ranked,0.0252,1523.7,1726.0,11.72,15.36,1.08,1.97,False,False,False,True,132.52
APLLTD,ranked,0.4001,1007.1,1044.8,3.61,7.22,0.86,0.24,True,False,False,True,15.92
APOLLOHOSP,ranked,0.6029,7469.0,7502.0,0.44,4.4,1.01,0.84,True,True,False,False,336.64
APOLLOTYRE,ranked,0.3312,455.5,473.0,3.7,5.83,0.94,0.46,False,False,False,True,60.99
APTUS,ranked,0.3339,331.0,354.8,6.71,9.08,1.06,0.4,True,True,False,False,48.03
ARE&M,ranked,0.176,994.0,1033.25,3.8,7.02,1.02,1.11,False,False,False,False,58.4
ASAHIINDIA,ranked,0.4773,831.5,876.4,5.12,6.79,0.84,0.16,True,True,True,False,54.29
ASHOKLEY,ranked,0.3909,123.0,127.2,3.3,4.55,1.12,0.68,True,True,False,True,112.61
ASIANPAINT,ranked,0.4063,2406.1,2448.6,1.74,5.34,1.0,0.64,False,False,False,False,226.49
ASTERDM,ranked,0.4138,591.8,617.95,4.23,7.75,0.72,0.55,True,True,False,False,136.52
ASTRAL,ranked,0.2765,1420.0,1521.9,6.7,8.08,0.71,0.74,False,False,False,False,85.8
ASTRAZEN,ranked,0.3425,8960.0,9650.5,7.16,9.24,0.95,0.18,False,True,False,False,34.15
ATGL,ranked,0.3309,629.5,666.9,5.61,7.77,0.72,0.45,False,False,False,False,34.6
ATUL,ranked,0.1439,6717.0,7675.0,12.48,18.02,1.16,0.68,False,True,True,False,32.96
AUBANK,ranked,0.1428,740.25,820.8,9.81,13.43,1.1,0.76,False,True,False,False,198.89
AUROPHARMA,ranked,0.5026,1157.4,1166.8,0.81,5.77,0.81,0.7,False,False,False,False,111.99
AWL,ranked,0.1426,264.95,286.0,7.36,9.83,1.06,0.84,False,False,True,False,115.11
AXISBANK,ranked,0.0893,1065.0,1179.9,9.74,11.69,1.05,1.45,False,True,False,False,1038.22
BAJAJ-AUTO,ranked,0.2814,8127.0,8470.0,4.05,5.35,0.96,0.8,False,False,False,False,222.33
BAJAJFINSV,ranked,0.2893,1975.2,2063.2,4.27,6.6,0.87,0.98,False,True,False,False,231.18
BAJAJHFL,insufficient_history,,,,,,,,,,,,
BAJAJHLDNG,ranked,0.4625,14062.0,14350.0,2.01,5.97,0.83,0.89,True,True,False,True,55.84
BAJFINANCE,ranked,0.1181,887.0,970.95,8.65,10.99,0.99,1.48,False,True,False,False,703.31
BALKRISIND,ranked,0.2511,2736.0,2801.3,2.33,7.69,1.22,0.97,False,True,False,False,117.65
BALRAMCHIN,ranked,0.2639,594.0,627.8,5.38,8.3,0.92,0.82,False,True,False,False,19.56
BANDHANBNK,ranked,0.1781,173.9,188.15,7.57,9.11,0.97,0.85,False,False,False,False,154.4
BANKBARODA,ranked,0.3458,242.04,250.57,3.4,5.84,1.02,0.87,True,True,True,True,191.99
BANKINDIA,ranked,0.3346,112.3,118.47,5.21,7.28,0.77,0.73,False,True,False,False,79.49
BASF,ranked,0.1924,5060.0,5260.0,3.8,8.13,1.05,0.81,False,False,False,False,10.75
BATAINDIA,ranked,0.2593,1198.0,1273.1,5.9,7.18,0.89,0.76,False,False,False,False,16.65
BAYERCROP,ranked,0.5076,6330.5,6491.0,2.47,5.16,0.95,0.36,True,True,False,True,23.36
BBTC,ranked,0.1491,1935.1,2074.0,6.7,8.82,0.87,1.43,False,False,False,False,12.61
BDL,ranked,0.2255,1621.0,1851.3,12.44,16.02,0.77,0.39,False,False,False,False,342.85
BEL,ranked,0.3045,390.0,412.9,5.55,8.95,0.84,0.58,False,True,False,False,620.89
BEML,ranked,0.2703,4058.0,4727.0,14.15,19.37,0.83,0.34,False,True,False,False,227.23
BERGEPAINT,ranked,0.4371,572.0,585.25,2.26,5.32,0.89,0.64,False,True,False,False,25.46
BHARATFORG,ranked,0.4644,1219.0,1241.7,1.83,4.65,0.85,0.54,False,False,False,False,105.57
BHARTIARTL,ranked,0.3499,1913.7,1970.4,2.88,4.72,1.07,0.71,False,True,False,False,960.6
BHARTIHEXA,ranked,0.4005,1788.1,1850.3,3.36,7.33,0.78,0.32,False,True,False,False,46.49
BHEL,ranked,0.2275,241.1,259.75,7.18,10.58,0.83,0.51,False,False,False,False,103.02
BIKAJI,ranked,0.077,769.0,814.65,5.6,12.6,1.07,1.98,True,False,False,False,25.7
BIOCON,ranked,0.355,397.9,406.0,2.0,9.3,1.07,0.74,True,True,False,False,192.25
BLS,ranked,0.2432,373.5,390.5,4.35,9.45,0.88,0.52,False,False,False,False,65.26
BLUEDART,ranked,0.3347,6506.0,6940.0,6.25,7.53,0.79,0.37,False,False,False,False,16.52
BLUESTARCO,ranked,0.1855,1743.0,1922.4,9.33,11.61,0.95,0.46,False,False,True,False,141.74
BOSCHLTD,ranked,0.4613,40090.0,40120.0,0.07,8.97,1.32,0.95,True,True,False,False,210.94
BPCL,ranked,0.4186,335.05,351.7,4.73,6.18,0.77,0.7,True,True,True,True,220.54
BRIGADE,ranked,0.0607,1015.7,1142.0,11.06,14.58,0.91,1.31,False,False,False,False,44.72
BRITANNIA,ranked,0.3199,5650.0,5860.0,3.58,5.13,0.9,0.99,False,True,False,True,138.17
BSE,ranked,0.3665,2485.0,2585.0,3.87,7.81,0.8,0.43,False,True,False,True,1377.31
BSOFT,ranked,0.0729,410.05,436.4,6.04,13.27,1.02,0.99,False,False,False,False,56.16
CAMPUS,ranked,0.1505,273.3,304.4,10.22,13.3,1.27,0.3,False,False,False,False,29.87
CAMS,ranked,0.1946,3916.0,4289.0,8.7,10.65,0.87,0.65,False,False,False,False,128.68
CANBK,ranked,0.1058,110.15,117.5,6.26,10.17,1.15,1.62,False,True,True,False,298.46
CANFINHOME,ranked,0.1446,747.9,823.9,9.22,10.63,0.94,0.86,False,False,False,False,18.98
CAPLIPOINT,ranked,0.3357,2088.0,2150.3,2.9,7.15,0.76,0.51,False,False,False,False,12.53
CARBORUNIV,ranked,0.1615,930.0,1004.6,7.43,8.97,0.9,1.06,False,False,False,False,12.56
CASTROLIND,ranked,0.2897,222.45,232.43,4.29,6.65,1.02,0.79,True,False,False,True,69.31
CCL,ranked,0.3745,869.0,907.0,4.19,9.71,0.93,0.23,True,True,False,False,18.69
CDSL,ranked,0.1469,1542.1,1753.9,12.08,15.41,0.92,0.67,False,False,False,False,505.67
CEATLTD,ranked,0.0631,3353.0,4044.0,17.09,23.0,1.17,1.16,False,True,False,True,83.36
CENTRALBK,below_price_floor,,36.97,,,,,,,,,,
CENTURYPLY,below_traded_value,,,,,,,,,,,,4.67
CERA,ranked,0.2226,6480.5,7100.0,8.73,10.42,0.92,0.45,False,False,False,True,28.95
CESC,ranked,0.4386,177.8,183.0,2.84,6.1,0.82,0.6,True,True,False,False,54.13
CGCL,ranked,0.1955,181.8,190.3,4.47,9.15,1.05,0.64,False,False,False,False,85.65
CGPOWER,ranked,0.1635,660.0,695.5,5.1,7.58,0.95,1.34,False,False,False,False,201.26
CHALET,ranked,0.1256,899.0,953.85,5.75,10.97,1.06,1.07,False,True,False,False,17.71
CHAMBLFERT,ranked,0.2513,533.45,569.75,6.37,8.41,0.71,0.84,False,False,False,False,64.57
CHENNPETRO,ranked,0.055,703.2,799.7,12.07,17.73,1.21,1.17,True,False,False,True,290.71
CHOLAFIN,ranked,0.2495,1484.7,1587.8,6.49,8.34,0.86,0.97,False,True,False,False,308.69
CHOLAHLDNG,ranked,0.1115,1923.8,2169.0,11.3,14.98,0.97,1.12,False,True,True,True,45.74
CIPLA,ranked,0.4289,1570.3,1579.4,0.58,7.95,1.08,1.7,True,True,False,False,254.47
CLEAN,ranked,0.1558,1238.0,1489.9,16.91,21.28,0.95,0.58,False,False,True,True,17.69
COALINDIA,ranked,0.4463,384.0,392.45,2.15,4.04,0.71,0.75,False,False,False,False,178.06
COCHINSHIP,ranked,0.3128,1778.0,1976.2,10.03,14.58,0.48,0.22,False,False,False,False,219.55
COFORGE,ranked,0.0766,1717.0,1915.0,10.34,15.23,1.07,2.46,False,True,False,True,372.76
COHANCE,ranked,0.1816,1002.0,1121.15,10.63,13.74,0.88,0.51,False,False,False,False,23.5
COLPAL,ranked,0.0907,2216.9,2412.0,8.09,9.83,1.02,1.91,False,False,False,False,167.74
CONCOR,ranked,0.3877,592.5,625.0,5.2,6.5,0.72,0.3,False,False,True,False,71.27
CONCORDBIO,ranked,0.2477,1835.0,1980.0,7.32,10.02,0.82,0.49,False,False,False,False,33.58
COROMANDEL,ranked,0.3687,2500.0,2537.8,1.49,9.94,0.86,0.78,False,True,False,False,138.19
CRAFTSMAN,ranked,0.2138,6465.0,6688.0,3.33,12.19,1.08,0.66,True,True,False,False,41.74
CREDITACC,ranked,0.1099,1240.0,1401.3,11.51,13.65,1.15,2.26,True,True,False,False,134.73
CRISIL,ranked,0.1852,5311.5,6130.0,13.35,16.1,0.92,0.44,False,False,False,False,28.15
CROMPTON,ranked,0.1975,328.6,353.25,6.98,8.51,0.98,0.82,False,False,True,False,61.54
CUB,ranked,0.3506,205.92,219.9,6.36,8.48,0.93,0.56,True,True,False,False,35.86
CUMMINSIND,ranked,0.4263,3531.2,3633.0,2.8,4.76,0.94,0.75,True,True,True,True,174.01
CYIENT,ranked,0.1064,1230.9,1317.7,6.59,9.07,1.04,2.08,False,False,False,False,56.2
DABUR,ranked,0.199,518.5,536.5,3.36,5.69,1.11,1.06,False,False,False,False,139.92
DALBHARAT,ranked,0.1669,2198.9,2343.0,6.15,9.32,1.28,1.5,True,True,True,False,86.06
DATAPATTNS,ranked,0.2758,2584.9,2934.7,11.92,15.66,0.65,0.23,False,False,False,False,63.72
DBREALTY,not_found_in_instruments,,,,,,,,,,,,
DCMSHRIRAM,ranked,0.2205,1425.0,1502.3,5.15,11.12,1.43,0.61,True,True,False,False,105.96
DEEPAKFERT,ranked,0.2497,1605.0,1658.3,3.21,11.28,0.99,0.68,True,True,False,False,70.18
DEEPAKNTR,ranked,0.3713,1868.3,1996.0,6.4,7.76,0.58,0.39,False,False,False,False,21.56
DELHIVERY,ranked,0.2029,422.25,449.45,6.05,10.75,1.05,0.96,True,True,False,False,125.35
DEVYANI,ranked,0.2689,166.8,181.0,7.85,8.87,0.89,0.44,False,False,False,False,47.84
DIVISLAB,ranked,0.3599,6674.5,6881.0,3.0,6.11,0.97,0.51,False,True,False,False,192.55
DIXON,ranked,0.4816,16799.0,16969.0,1.0,7.49,0.73,0.87,False,True,True,False,680.45
DLF,ranked,0.2641,800.2,856.45,6.57,8.93,0.89,0.76,False,True,False,True,197.56
DMART,ranked,0.3478,4005.0,4127.9,2.98,4.94,0.79,0.69,False,False,False,False,274.12
DOMS,ranked,0.2681,2348.0,2435.0,3.57,6.38,0.92,0.79,False,False,False,False,16.61
DRREDDY,ranked,0.5868,1301.0,1302.0,0.08,5.46,0.82,1.27,True,True,False,False,180.57
DUMMYDBRLT,not_found_in_instruments,,,,,,,,,,,,
ECLERX,ranked,0.1251,3725.9,3920.9,4.97,12.93,1.08,3.05,True,True,False,True,33.65
EICHERMOT,ranked,0.3305,5479.5,5683.0,3.58,6.02,0.98,0.69,False,True,False,False,177.69
EIDPARRY,ranked,0.3513,1208.1,1222.2,1.15,9.49,1.14,1.07,True,True,False,False,31.98
EIHOTEL,ranked,0.3545,379.9,393.4,3.43,5.63,0.89,0.71,False,True,False,False,13.24
ELECON,ranked,0.1592,584.6,637.85,8.35,13.32,0.87,0.66,False,False,False,False,51.06
ELGIEQUIP,ranked,0.0306,563.55,608.4,7.37,12.19,1.05,1.75,False,False,False,False,74.55
EMAMILTD,ranked,0.3083,561.0,596.2,5.9,7.67,0.76,0.55,False,False,False,False,35.67
EMCURE,ranked,0.2947,1410.0,1458.0,3.29,12.26,0.96,0.34,True,True,False,True,61.04
ENDURANCE,ranked,0.4423,2612.0,2764.9,5.53,9.35,0.69,0.18,True,True,False,False,28.08
ENGINERSIN,ranked,0.2388,217.0,251.8,13.82,17.51,0.95,0.38,False,True,False,False,96.13
ERIS,ranked,0.4149,1795.0,1848.9,2.92,8.61,0.76,0.42,True,True,False,False,19.6
ESCORTS,ranked,0.5561,3489.9,3499.7,0.28,7.02,0.74,0.55,False,False,False,False,30.31
ETERNAL,ranked,0.1629,306.2,314.45,2.62,18.88,1.28,1.01,True,True,False,False,1307.29
EXIDEIND,ranked,0.4025,392.25,398.0,1.44,5.58,0.93,0.87,False,False,False,False,68.87
FACT,ranked,0.3025,944.0,997.0,5.32,10.22,0.79,0.47,False,True,False,False,68.13
FEDERALBNK,ranked,0.3178,205.08,216.8,5.41,6.42,0.88,0.83,False,True,False,False,129.43
FINCABLES,ranked,0.288,908.0,964.8,5.89,9.21,0.7,0.51,False,False,False,False,16.09
FINPIPE,ranked,0.3221,209.0,216.59,3.5,7.46,0.74,0.52,False,False,True,False,16.08
FIRSTCRY,ranked,0.3173,352.45,393.0,10.32,12.12,0.53,0.13,False,False,False,False,47.82
FIVESTAR,ranked,0.0443,650.0,794.45,18.18,31.12,1.04,1.14,False,False,False,False,67.46
FLUOROCHEM,ranked,0.3465,3540.1,3632.0,2.53,7.89,0.78,0.5,False,False,False,False,34.61
FORTIS,ranked,0.3639,848.65,854.5,0.68,11.02,0.99,1.19,True,True,True,False,129.66
FSL,ranked,0.2529,332.45,363.6,8.57,10.87,0.71,0.47,False,False,False,False,28.49
GAIL,ranked,0.2958,183.2,188.89,3.01,5.84,0.75,0.91,False,False,False,False,213.19
GESHIP,ranked,0.3086,957.05,1008.65,5.12,9.47,0.7,0.35,False,False,False,False,42.14
GICRE,ranked,0.3634,371.0,398.2,6.83,8.17,0.61,0.33,False,False,False,False,21.86
GILLETTE,ranked,0.2477,10490.0,11500.0,8.78,11.43,1.13,0.49,True,True,False,False,33.43
GLAND,ranked,0.2545,2100.0,2131.0,1.45,12.85,1.39,1.05,True,True,False,False,95.94
GLAXO,ranked,0.4439,3149.5,3254.9,3.24,5.79,0.63,0.48,False,True,False,False,21.49
GLENMARK,ranked,0.3111,2165.7,2266.0,4.43,6.74,1.92,0.72,True,True,False,False,474.45
GMDCLTD,ranked,0.1,412.0,472.4,12.79,23.69,1.42,1.24,True,True,False,False,268.21
GMRAIRPORT,below_price_floor,,90.3,,,,,,,,,,
GNFC,ranked,0.3591,540.0,560.0,3.57,5.93,0.78,0.49,False,False,False,False,15.83
GODFRYPHLP,ranked,0.1574,8952.0,9828.0,8.91,16.26,1.02,1.08,True,True,False,False,200.0
GODIGIT,ranked,0.223,364.25,374.75,2.8,10.27,0.9,2.28,True,True,False,False,49.81
GODREJAGRO,ranked,0.1117,842.5,876.35,3.86,12.63,1.14,2.96,True,True,False,False,32.56
GODREJCP,ranked,0.3015,1213.0,1289.3,5.92,7.18,0.76,0.67,False,False,True,False,157.26
GODREJIND,ranked,0.3727,1119.6,1184.0,5.44,9.11,0.74,0.28,False,True,False,False,25.18
GODREJPROP,ranked,0.1072,2153.0,2407.9,10.59,14.3,0.89,0.95,False,False,False,True,178.95
GPIL,ranked,0.3913,194.21,197.61,1.72,8.01,0.8,0.6,False,False,False,False,24.17
GPPL,ranked,0.1957,160.01,168.2,4.87,8.69,0.92,0.87,False,False,False,False,23.27
GRANULES,ranked,0.128,488.0,511.75,4.64,10.31,0.97,0.97,False,False,False,False,39.33
GRAPHITE,ranked,0.2347,552.0,597.9,7.68,11.41,0.93,0.52,False,True,False,False,47.64
GRASIM,ranked,0.4163,2745.3,2812.1,2.38,5.27,0.84,0.77,False,True,False,True,196.64
GRAVITA,ranked,0.2799,1876.7,1897.6,1.1,10.37,0.81,1.76,False,False,False,True,54.11
GRSE,ranked,0.3066,2505.0,2798.6,10.49,14.99,0.52,0.21,False,False,False,False,279.09
GSPL,ranked,0.1208,319.95,348.0,8.06,9.35,0.95,1.19,False,False,False,False,19.91
GUJGASLTD,ranked,0.2625,451.95,484.8,6.78,7.92,0.79,0.75,False,False,False,True,16.69
GVT&D,ranked,0.1705,2480.0,2569.8,3.49,12.29,1.04,0.97,True,True,False,False,105.17
HAL,ranked,0.2213,4518.0,4932.0,8.39,11.75,0.85,0.64,False,True,False,False,487.8
HAPPSTMNDS,ranked,0.2561,621.0,646.1,3.88,8.71,0.78,0.68,False,False,False,False,20.81
HAVELLS,ranked,0.2432,1516.0,1583.6,4.27,6.09,0.9,1.0,False,False,False,False,184.55
HBLENGINE,ranked,0.2444,582.55,616.3,5.48,11.11,0.77,0.4,False,False,False,False,57.79
HCLTECH,ranked,0.0673,1475.0,1642.4,10.19,12.3,0.88,1.42,False,False,True,False,596.07
HDFCAMC,ranked,0.4047,5625.0,5673.0,0.85,11.03,0.94,0.92,True,True,False,False,308.87
HDFCBANK,ranked,0.5938,2023.2,2037.7,0.71,4.19,0.99,0.81,True,True,False,False,1539.08
HDFCLIFE,ranked,0.3902,757.0,776.9,2.56,5.82,1.07,0.46,False,True,True,False,213.99
HEG,ranked,0.2542,525.0,563.0,6.75,13.04,1.03,0.48,True,True,False,False,50.71
HEROMOTOCO,ranked,0.2188,4331.0,4484.0,3.41,6.67,1.03,0.89,False,False,False,False,233.49
HFCL,below_price_floor,,78.45,,,,,,,,,,
HINDALCO,ranked,0.5206,693.95,704.4,1.48,5.98,0.76,0.88,True,True,False,False,286.75
HINDCOPPER,ranked,0.1012,258.25,281.8,8.36,14.19,0.94,0.91,False,False,False,False,121.5
HINDPETRO,ranked,0.3846,426.4,448.55,4.94,6.82,0.9,0.64,True,True,False,False,180.55
HINDUNILVR,ranked,0.3569,2456.4,2532.9,3.02,5.19,1.06,0.56,False,True,False,False,383.0
HINDZINC,ranked,0.4963,437.2,449.0,2.63,5.17,0.57,0.23,False,False,False,False,114.5
HOMEFIRST,ranked,0.05,1306.0,1519.0,14.02,17.47,1.24,1.67,False,True,False,False,65.02
HONASA,ranked,0.2137,266.25,301.0,11.54,15.21,0.83,0.39,False,False,False,True,12.33
HONAUT,ranked,0.1477,38195.0,41075.0,7.01,9.19,0.93,1.07,False,False,False,False,22.68
HSCL,ranked,0.1861,486.95,534.45,8.89,11.51,0.96,0.46,False,False,False,False,102.76
HUDCO,ranked,0.276,217.15,235.88,7.94,10.83,0.62,0.44,False,False,False,False,69.43
HYUNDAI,insufficient_history,,,,,,,,,,,,
ICICIBANK,ranked,0.5197,1484.9,1500.0,1.01,6.16,0.87,0.97,True,True,False,False,1244.44
ICICIGI,ranked,0.2939,1915.0,2052.0,6.68,8.46,1.01,0.5,False,True,False,False,123.78
ICICIPRULI,ranked,0.1434,615.7,693.5,11.22,13.16,1.1,0.46,False,False,False,False,101.34
IDBI,below_price_floor,,93.25,,,,,,,,,,
IDEA,below_price_floor,,7.21,,,,,,,,,,
IDFCFIRSTB,below_price_floor,,70.34,,,,,,,,,,
IEX,ranked,0.0,134.95,209.99,35.74,58.16,1.72,5.78,False,False,True,False,497.74
IFCI,below_price_floor,,59.15,,,,,,,,,,
IGIL,insufficient_history,,,,,,,,,,,,
IGL,ranked,0.1478,205.0,222.21,7.74,10.81,0.79,1.0,False,False,False,False,78.82
IIFL,ranked,0.3272,518.05,538.15,3.74,8.75,0.91,0.69,True,True,False,True,112.32
IKS,insufficient_history,,,,,,,,,,,,
INDGN,ranked,0.3537,547.5,586.0,6.57,7.8,0.76,0.26,False,False,True,False,20.36
INDHOTEL,ranked,0.3378,748.05,777.4,3.78,7.04,0.84,0.67,False,True,False,True,220.43
INDIACEM,ranked,0.1973,365.2,375.0,2.61,12.39,1.06,0.98,True,True,False,False,26.26
INDIAMART,ranked,0.2471,2585.0,2799.0,7.65,10.6,1.13,0.62,True,True,False,False,45.48
INDIANB,ranked,0.3271,630.0,657.0,4.11,5.54,1.02,1.03,True,True,True,True,113.03
INDIGO,ranked,0.5158,5765.0,5964.5,3.34,4.54,0.77,0.36,True,True,False,False,474.07
INDUSINDBK,ranked,0.0833,813.8,890.9,8.65,12.4,1.03,0.91,False,False,False,False,391.05
INDUSTOWER,ranked,0.304,390.0,409.8,4.83,7.14,0.99,0.67,False,True,False,False,179.58
INFY,ranked,0.1089,1513.5,1612.0,6.11,8.56,1.09,1.36,False,False,False,True,1119.32
INOXINDIA,ranked,0.1821,1170.0,1279.0,8.52,10.51,1.03,0.84,False,True,False,False,9.91
INOXWIND,ranked,0.141,156.55,175.25,10.67,14.72,0.81,0.84,False,False,False,False,111.87
INTELLECT,ranked,0.0955,1034.0,1210.0,14.55,18.76,0.98,1.3,False,True,False,True,45.11
IOB,below_price_floor,,37.98,,,,,,,,,,
IOC,ranked,0.4269,148.15,152.75,3.01,4.22,0.83,0.57,True,False,True,False,154.16
IPCALAB,ranked,0.0841,1488.0,1595.0,6.71,11.87,1.05,1.81,False,True,False,False,39.13
IRB,below_price_floor,,46.55,,,,,,,,,,
IRCON,ranked,0.2941,182.45,195.25,6.56,11.6,0.57,0.28,False,False,False,False,60.85
IRCTC,ranked,0.3229,736.95,781.9,5.75,7.45,0.72,0.54,False,False,False,False,49.44
IREDA,ranked,0.3172,150.74,160.8,6.26,9.08,0.63,0.45,False,False,False,False,137.72
IRFC,ranked,0.2475,132.38,138.0,4.07,5.76,0.76,1.37,False,False,True,False,147.35
ITC,ranked,0.4593,408.2,425.9,4.16,4.45,0.78,0.4,False,True,False,False,359.14
ITI,ranked,0.291,302.0,326.9,7.62,11.71,0.66,0.17,False,False,False,False,8.15
J&KBANK,ranked,0.1888,106.0,116.4,8.93,12.26,0.96,0.67,False,True,False,False,38.81
JBCHEPHARM,ranked,0.3701,1804.0,1812.7,0.48,11.57,0.72,1.41,False,True,False,False,84.19
JBMA,ranked,0.2112,650.0,680.0,4.41,7.38,0.74,1.43,False,False,False,False,32.05
JINDALSAW,ranked,0.3799,217.75,230.44,5.51,7.68,0.61,0.31,False,False,False,False,25.64
JINDALSTEL,ranked,0.348,983.55,1006.35,2.27,8.05,0.78,1.21,True,True,False,True,141.45
JIOFIN,ranked,0.4491,322.0,327.7,1.74,6.65,0.95,0.85,True,True,False,False,495.69
JKCEMENT,ranked,0.4468,6486.0,6690.0,3.05,4.75,0.95,0.52,True,True,False,False,60.95
JKTYRE,ranked,0.2263,343.95,381.8,9.91,13.58,0.89,0.22,False,False,False,False,22.64
JMFINANCIL,ranked,0.1449,163.35,181.4,9.95,13.43,1.07,1.09,True,True,True,False,121.56
JPPOWER,below_price_floor,,21.43,,,,,,,,,,
JSL,ranked,0.2878,677.9,704.0,3.71,7.52,0.87,0.86,False,True,False,False,47.62
JSWENERGY,ranked,0.3459,524.3,538.75,2.68,5.18,0.84,0.75,False,False,False,True,179.32
JSWHL,not_found_in_instruments,,,,,,,,,,,,
JSWINFRA,ranked,0.2412,311.95,328.5,5.04,8.13,1.03,1.14,True,True,False,False,65.62
JSWSTEEL,ranked,0.5494,1035.9,1053.5,1.67,3.48,0.87,0.85,True,True,False,False,152.85
JUBLFOOD,ranked,0.3391,654.3,695.5,5.92,8.44,0.73,0.58,False,True,False,False,56.34
JUBLINGREA,ranked,0.3832,808.0,851.8,5.14,9.65,0.86,0.27,True,True,False,False,35.78
JUBLPHARMA,ranked,0.1797,1153.6,1242.0,7.12,12.92,0.99,0.68,False,True,False,False,35.28
JUSTDIAL,ranked,0.1694,850.2,957.9,11.24,13.49,0.89,0.57,False,False,False,True,25.46
JWL,ranked,0.3021,351.7,375.9,6.44,10.71,0.56,0.39,False,False,False,False,21.16
JYOTHYLAB,ranked,0.2847,334.0,359.8,7.17,9.4,0.8,0.38,False,False,False,False,20.91
JYOTICNC,ranked,0.333,1032.0,1084.0,4.8,8.33,0.68,0.4,False,False,False,False,38.95
KAJARIACER,ranked,0.097,1170.0,1268.5,7.77,10.12,1.23,1.44,True,False,True,True,84.99
KALYANKJIL,ranked,0.2656,603.95,617.7,2.23,6.21,0.93,1.25,False,False,False,False,245.18
KANSAINER,below_traded_value,,,,,,,,,,,,3.71
KARURVYSYA,ranked,0.3204,259.05,276.95,6.46,8.63,0.89,0.77,True,True,False,False,69.2
KAYNES,ranked,0.1812,5547.5,6090.0,8.91,12.35,0.78,0.63,False,False,False,False,189.71
KEC,ranked,0.3919,861.9,892.2,3.4,4.68,0.77,0.48,False,False,False,False,36.18
KEI,ranked,0.1987,3918.0,4034.4,2.89,10.78,0.99,1.11,True,True,False,False,147.67
KFINTECH,ranked,0.1265,1128.0,1308.3,13.78,17.18,0.72,1.04,False,False,False,False,115.05
KIMS,ranked,0.1666,750.9,798.4,5.95,13.34,1.04,1.01,True,True,False,False,50.81
KIRLOSBROS,ranked,0.1973,1950.0,2257.9,13.64,18.1,0.99,0.28,False,False,False,False,56.02
KIRLOSENG,ranked,0.2476,921.0,957.5,3.81,7.04,1.19,0.47,False,False,False,False,70.91
KNRCON,ranked,0.345,212.5,228.0,6.8,7.92,0.72,0.34,False,False,True,False,20.87
KOTAKBANK,ranked,0.0633,1970.2,2233.6,11.79,14.24,1.14,1.35,False,True,False,False,738.13
KPIL,ranked,0.2486,1133.0,1243.9,8.92,10.57,0.75,0.48,False,False,False,True,23.38
KPITTECH,ranked,0.2177,1218.0,1300.9,6.37,9.93,0.76,0.76,False,False,False,True,88.8
KPRMILL,ranked,0.2087,1148.0,1257.0,8.67,10.28,1.0,0.76,False,True,False,True,67.95
LALPATHLAB,ranked,0.2701,3035.0,3137.9,3.28,8.64,1.05,0.87,True,True,True,True,44.31
LATENTVIEW,ranked,0.0912,416.95,467.0,10.72,15.33,1.29,0.65,False,False,False,False,37.71
LAURUSLABS,ranked,0.3208,910.5,913.7,0.35,13.78,1.25,2.6,True,True,False,False,266.59
LEMONTREE,ranked,0.3186,150.68,158.9,5.17,6.9,1.29,0.65,True,True,False,False,67.36
LICHSGFIN,ranked,0.1306,599.0,646.5,7.35,10.3,0.96,0.97,False,False,False,False,105.94
LICI,ranked,0.3373,899.0,935.75,3.93,6.2,0.83,0.51,False,False,False,False,63.66
LINDEINDIA,ranked,0.3662,6570.0,6884.5,4.57,7.34,0.62,0.43,False,False,False,True,16.38
LLOYDSME,ranked,0.4305,1486.5,1555.0,4.41,7.0,0.78,0.49,True,True,False,False,48.59
LODHA,ranked,0.1074,1248.0,1461.5,14.61,21.71,0.92,4.05,False,True,False,True,289.56
LT,ranked,0.4946,3488.0,3548.7,1.71,4.12,0.77,0.9,False,True,False,False,499.18
LTF,ranked,0.2294,205.9,214.8,4.14,7.8,1.08,1.32,True,True,True,True,188.63
LTFOODS,ranked,0.3549,499.75,518.55,3.63,8.31,0.95,0.53,True,True,False,False,58.92
LTIM,ranked,0.2151,5048.0,5338.0,5.43,6.58,0.99,0.99,False,False,False,False,147.81
LTTS,ranked,0.276,4282.0,4500.0,4.84,7.66,0.91,0.56,False,False,False,False,40.05
LUPIN,ranked,0.5927,1984.2,1987.0,0.14,5.53,0.93,0.68,False,True,False,False,195.21
M&M,ranked,0.3299,3207.0,3303.0,2.91,7.78,0.99,0.76,True,True,True,False,638.41
M&MFIN,ranked,0.1551,251.9,267.45,5.81,8.38,0.89,1.49,False,False,False,False,79.95
MAHABANK,below_price_floor,,56.8,,,,,,,,,,
MAHSEAMLES,ranked,0.215,697.0,748.75,6.91,10.68,0.9,0.79,False,True,False,False,20.44
MANAPPURAM,ranked,0.356,259.0,276.75,6.41,7.68,0.89,0.39,False,True,False,False,94.31
MANKIND,ranked,0.2082,2555.0,2716.5,5.95,7.81,1.29,0.88,False,True,False,False,225.65
MANYAVAR,ranked,0.2665,760.0,824.35,7.81,9.54,0.82,0.45,False,False,False,False,18.09
MAPMYINDIA,ranked,0.3454,1808.4,1860.0,2.77,4.81,0.94,0.64,False,False,False,True,20.09
MARICO,ranked,0.2777,698.25,745.0,6.28,7.85,0.97,0.74,False,True,False,True,133.06
MARUTI,ranked,0.4755,12488.0,12719.0,1.82,3.61,0.87,0.91,False,True,False,False,326.23
MASTEK,ranked,0.0537,2451.8,2818.0,13.0,16.48,1.36,0.88,False,False,True,False,102.15
MAXHEALTH,ranked,0.4298,1271.4,1288.8,1.35,6.91,0.93,1.14,True,True,False,True,226.99
MAZDOCK,ranked,0.1836,2717.0,3149.5,13.73,18.57,0.71,0.71,False,False,False,False,447.89
MCX,ranked,0.2747,7842.0,8443.0,7.12,10.57,0.84,0.52,False,True,False,False,442.91
MEDANTA,ranked,0.2589,1331.0,1393.2,4.46,8.22,1.05,1.01,True,True,False,True,70.51
METROPOLIS,ranked,0.1614,1945.6,2064.0,5.74,12.08,1.36,0.53,False,True,False,False,59.92
MFSL,ranked,0.3705,1502.5,1592.5,5.65,6.2,0.95,0.45,False,True,False,False,117.72
MGL,ranked,0.0884,1391.5,1562.0,10.92,14.44,0.98,0.94,False,False,False,False,102.37
MINDACORP,ranked,0.3177,512.85,542.3,5.43,8.05,0.7,0.52,False,False,False,False,16.41
MMTC,below_price_floor,,66.1,,,,,,,,,,
MOTHERSON,ranked,0.2237,102.55,105.95,3.21,8.75,0.98,0.93,True,False,False,False,142.89
MOTILALOFS,ranked,0.3989,940.85,955.0,1.48,7.97,0.99,1.03,True,True,False,False,182.55
MPHASIS,ranked,0.1241,2782.0,2911.0,4.43,11.04,1.26,1.9,True,True,False,False,142.76
MRF,ranked,0.4958,149270.0,153000.0,2.44,4.32,0.94,0.59,True,True,False,True,112.57
MRPL,ranked,0.0013,131.7,158.3,16.8,21.67,1.19,2.59,False,False,True,False,113.35
MSUMI,below_price_floor,,38.75,,,,,,,,,,
MUTHOOTFIN,ranked,0.4851,2617.7,2718.0,3.69,5.18,0.77,0.45,True,True,False,False,87.2
NAM-INDIA,ranked,0.2226,810.0,876.7,7.61,11.31,1.04,0.77,True,True,False,False,74.51
NATCOPHARM,ranked,0.0184,960.0,1059.0,9.35,12.93,1.34,1.09,False,False,False,False,173.75
NATIONALUM,ranked,0.2724,189.75,200.0,5.12,7.37,0.86,0.69,False,False,False,False,139.78
NAUKRI,ranked,0.1773,1412.3,1485.0,4.9,9.28,0.93,0.89,False,False,False,False,228.14
NAVA,ranked,0.3393,605.95,641.0,5.47,9.18,0.89,0.58,True,True,False,False,36.06
NAVINFLUOR,ranked,0.5262,5130.0,5180.0,0.97,6.74,0.94,0.77,True,True,False,False,52.13
NBCC,ranked,0.3087,109.85,116.75,5.91,8.74,0.65,0.53,False,False,False,False,88.61
NCC,ranked,0.2383,222.46,232.0,4.11,8.05,0.89,0.75,False,False,False,False,59.0
NESTLEIND,ranked,0.05,2229.0,2490.0,10.48,12.12,1.24,1.34,False,True,False,False,166.39
NETWEB,ranked,0.1834,1964.6,2008.6,2.19,9.98,1.01,1.04,False,False,False,False,88.32
NETWORK18,below_price_floor,,56.68,,,,,,,,,,
NEULANDLAB,ranked,0.124,13848.0,15500.0,10.66,24.36,1.35,0.46,False,False,True,False,225.69
NEWGEN,ranked,0.1246,859.4,1109.9,22.57,32.58,0.79,0.96,False,False,False,True,51.09
NH,ranked,0.4511,1987.0,2045.0,2.84,6.78,0.8,0.45,True,True,False,False,86.1
NHPC,below_price_floor,,84.17,,,,,,,,,,
NIACL,ranked,0.2728,173.5,188.49,7.95,11.35,0.64,0.37,False,False,False,False,6.41
NIVABUPA,insufficient_history,,,,,,,,,,,,
NLCINDIA,ranked,0.0799,239.95,248.2,3.32,9.34,1.14,1.47,False,False,False,True,42.02
NMDC,below_price_floor,,71.82,,,,,,,,,,
NSLNISP,below_price_floor,,37.78,,,,,,,,,,
NTPC,ranked,0.4014,335.3,345.0,2.81,4.92,0.77,0.48,False,False,False,False,289.36
NTPCGREEN,insufficient_history,,,,,,,,,,,,
NUVAMA,ranked,0.2451,7239.0,7895.0,8.31,10.48,0.91,0.62,False,True,False,False,152.72
NYKAA,ranked,0.4424,210.0,221.95,5.38,7.15,0.9,0.24,True,True,False,False,196.96
OBEROIRLTY,ranked,0.0506,1665.9,1857.0,10.29,14.45,0.96,2.11,False,False,False,False,135.45
OFSS,ranked,0.2056,8645.0,9034.5,4.31,6.12,0.92,1.2,False,False,True,True,106.08
OIL,ranked,0.3399,440.3,456.0,3.44,7.04,0.82,0.38,False,False,False,False,100.28
OLAELEC,below_price_floor,,41.85,,,,,,,,,,
OLECTRA,ranked,0.05,1437.0,1586.2,9.41,26.14,1.5,4.46,False,True,False,False,204.07
ONGC,ranked,0.4755,241.1,247.35,2.53,3.96,0.59,0.55,False,False,False,False,187.44
PAGEIND,ranked,0.305,47215.0,49380.0,4.38,6.88,0.95,0.75,False,True,False,False,87.88
PATANJALI,ranked,0.053,1879.5,1961.8,4.2,16.16,1.19,1.25,False,True,False,False,284.43
PAYTM,ranked,0.1,1075.5,1128.5,4.7,17.98,1.29,2.24,True,True,False,True,612.1
PCBL,ranked,0.0715,390.7,430.0,9.14,12.52,1.04,0.98,False,False,False,False,80.19
PEL,ranked,0.1606,1300.0,1351.0,3.77,11.04,1.32,0.98,True,True,False,True,142.28
PERSISTENT,ranked,0.0188,5174.0,5849.0,11.54,14.75,1.11,2.38,False,False,True,True,311.17
PETRONET,ranked,0.2169,293.1,313.4,6.48,7.57,0.95,0.87,False,False,False,False,91.85
PFC,ranked,0.2985,411.45,432.0,4.76,7.45,0.84,0.54,False,False,False,False,244.59
PFIZER,ranked,0.4246,5277.0,5514.0,4.3,5.25,0.79,0.48,False,True,False,False,20.77
PGEL,ranked,0.1946,807.0,836.45,3.52,9.69,0.93,0.72,False,False,False,False,172.37
PHOENIXLTD,ranked,0.2805,1511.5,1545.3,2.19,7.34,0.74,1.87,False,False,False,False,177.7
PIDILITIND,ranked,0.3876,2891.0,3010.0,3.95,5.26,0.83,0.65,False,True,False,False,69.85
PIIND,ranked,0.6274,4254.0,4258.0,0.09,6.64,1.08,0.45,True,True,False,False,56.28
PNB,ranked,0.3066,109.46,115.71,5.4,8.64,1.08,0.62,True,True,False,False,220.81
PNBHOUSING,ranked,0.0646,1010.6,1116.5,9.48,12.62,1.13,1.45,False,True,False,False,115.74
PNCINFRA,ranked,0.2136,320.0,331.8,3.56,10.84,0.99,0.65,True,False,False,False,24.57
POLICYBZR,ranked,0.2958,1794.0,1863.7,3.74,7.03,0.8,0.67,False,False,False,True,197.11
POLYCAB,ranked,0.4634,6926.5,7080.0,2.17,5.28,0.99,0.71,True,True,False,False,270.84
POLYMED,ranked,0.1999,1975.0,2230.0,11.43,14.17,0.75,0.56,False,False,False,False,23.46
POONAWALLA,ranked,0.05,411.5,465.9,11.68,15.75,1.25,2.4,False,True,False,False,91.05
POWERGRID,ranked,0.4461,293.0,301.5,2.82,3.99,0.79,0.62,False,True,False,False,226.82
POWERINDIA,ranked,0.2588,19800.0,20525.0,3.53,11.04,0.97,0.68,True,True,False,False,200.01
PPLPHARMA,ranked,0.0,206.04,220.85,6.71,13.4,1.24,1.29,False,False,False,False,125.11
PRAJIND,ranked,0.2788,470.0,512.0,8.2,9.36,0.76,0.48,False,False,False,False,22.97
PREMIERENE,ranked,0.1661,1050.7,1136.4,7.54,9.56,1.0,0.81,False,False,False,False,135.16
PRESTIGE,ranked,0.1278,1641.0,1814.0,9.54,13.58,0.97,1.03,False,True,False,True,161.11
PTCIL,ranked,0.6503,14750.0,14850.0,0.67,5.09,0.6,0.55,False,True,False,False,21.38
PVRINOX,ranked,0.216,988.25,1045.0,5.43,8.76,1.04,0.59,False,False,False,False,38.6
RADICO,ranked,0.4475,2687.5,2785.9,3.53,5.02,0.79,0.68,True,True,False,True,54.22
RAILTEL,ranked,0.2996,385.5,426.0,9.51,13.22,0.5,0.28,False,False,False,True,62.62
RAINBOW,ranked,0.1939,1530.0,1645.7,7.03,9.52,1.05,1.61,True,True,False,False,37.2
RAMCOCEM,ranked,0.6023,1194.5,1196.0,0.13,6.11,1.29,0.51,True,True,False,False,56.15
RAYMOND,ranked,0.2471,688.65,753.0,8.55,12.3,0.75,0.28,False,False,False,False,110.29
RAYMONDLSL,ranked,0.1785,1116.0,1292.7,13.67,19.96,0.94,0.45,False,False,False,False,38.2
RBLBANK,ranked,0.2715,256.0,272.88,6.19,8.67,1.02,0.9,True,True,False,False,317.29
RCF,ranked,0.2891,152.99,159.8,4.26,7.58,0.83,0.59,False,False,False,False,21.49
RECLTD,ranked,0.396,401.35,408.25,1.69,4.3,0.75,1.37,False,False,False,False,307.48
REDINGTON,ranked,0.2914,288.3,313.9,8.16,10.32,0.78,0.53,False,True,False,False,54.35
RELIANCE,ranked,0.2209,1416.6,1500.0,5.56,8.26,0.97,1.03,False,True,False,False,1548.66
RENUKA,below_price_floor,,30.64,,,,,,,,,,
RHIM,ranked,0.0911,495.0,531.9,6.94,12.1,1.0,0.91,False,False,False,True,46.72
RITES,ranked,0.3487,264.4,284.0,6.9,10.12,0.52,0.25,False,False,False,False,62.57
RKFORGE,ranked,0.2183,600.0,679.3,11.67,13.64,0.87,0.3,False,False,False,False,38.51
ROUTE,ranked,0.2776,913.6,1028.0,11.13,14.11,0.66,0.21,False,False,False,False,10.63
RPOWER,not_found_in_instruments,,,,,,,,,,,,
RRKABEL,ranked,0.1416,1390.0,1522.0,8.67,14.54,1.07,0.81,True,False,False,False,41.22
RTNINDIA,below_price_floor,,57.1,,,,,,,,,,
RVNL,ranked,0.2828,361.1,391.45,7.75,10.92,0.53,0.5,False,False,False,False,139.99
SAGILITY,insufficient_history,,,,,,,,,,,,
SAIL,ranked,0.1002,126.14,138.75,9.09,12.25,0.96,1.2,False,True,False,False,165.07
SAILIFE,insufficient_history,,,,,,,,,,,,
SAMMAANCAP,ranked,0.1489,125.38,139.54,10.15,13.98,0.96,0.61,False,False,False,False,226.36
SAPPHIRE,ranked,0.05,326.3,368.0,11.33,14.63,1.21,1.59,False,True,True,False,73.62
SARDAEN,ranked,0.2775,445.1,460.45,3.33,7.0,1.05,0.48,False,False,False,False,16.14
SAREGAMA,ranked,0.2569,479.0,520.0,7.88,11.25,0.8,0.27,False,False,False,False,26.18
SBFC,ranked,0.1513,106.79,120.0,11.01,12.83,0.89,0.97,False,True,False,False,30.31
SBICARD,ranked,0.0664,819.95,1004.75,18.39,22.65,1.04,1.01,False,False,False,False,110.13
SBILIFE,ranked,0.4816,1833.2,1858.0,1.33,5.67,1.01,0.93,True,True,False,True,163.47
SBIN,ranked,0.2862,798.85,842.5,5.18,6.18,1.02,0.88,False,True,True,False,761.8
SCHAEFFLER,ranked,0.1486,4039.1,4374.9,7.68,9.9,0.98,1.2,False,True,False,False,40.83
SCHNEIDER,not_found_in_instruments,,,,,,,,,,,,
SCI,ranked,0.4118,215.6,226.54,4.83,7.05,0.6,0.22,False,False,False,False,46.61
SHREECEM,ranked,0.2855,30510.0,32490.0,6.09,7.8,1.06,0.59,False,True,True,False,78.54
SHRIRAMFIN,ranked,0.0852,639.0,688.0,7.12,13.51,1.03,1.64,False,True,False,False,364.28
SHYAMMETL,ranked,0.2621,989.1,999.9,1.08,16.27,1.19,2.43,True,True,False,False,59.07
SIEMENS,ranked,0.4001,3061.3,3164.0,3.25,4.82,0.73,0.47,False,False,False,False,139.78
SIGNATURE,ranked,0.0988,1130.0,1272.9,11.23,13.44,0.95,0.92,False,False,False,False,42.61
SJVN,below_price_floor,,96.47,,,,,,,,,,
SKFINDIA,ranked,0.4551,4830.0,5025.0,3.88,5.86,0.79,0.5,True,True,False,False,19.44
SOBHA,ranked,0.1911,1562.0,1732.5,9.84,15.33,1.01,0.58,True,False,False,False,66.48
SOLARINDS,ranked,0.3607,14482.0,15493.0,6.53,7.82,0.72,0.56,False,True,True,False,202.69
SONACOMS,ranked,0.1203,471.95,496.45,4.94,10.8,1.04,0.86,False,False,False,False,227.1
SONATSOFTW,ranked,0.2274,409.95,447.3,8.35,11.75,0.82,0.35,False,False,False,False,63.72
SRF,ranked,0.2099,3109.0,3260.4,4.64,7.93,1.22,1.15,True,True,True,False,144.75
STARHEALTH,ranked,0.321,425.6,452.0,5.84,7.97,0.82,0.35,False,False,False,False,26.19
SUMICHEM,ranked,0.2503,608.0,618.0,1.62,13.99,1.21,0.99,True,True,False,False,34.25
SUNDARMFIN,ranked,0.2532,4752.0,5240.0,9.31,11.13,0.88,0.51,False,True,False,False,24.61
SUNDRMFAST,ranked,0.2729,1010.0,1049.9,3.8,7.04,1.07,0.46,False,False,False,False,10.05
SUNPHARMA,ranked,0.6387,1718.0,1731.3,0.77,3.49,0.77,0.6,False,True,False,False,280.75
SUNTV,ranked,0.2454,573.95,614.0,6.52,9.13,0.89,0.54,False,False,False,False,17.18
SUPREMEIND,ranked,0.3393,4314.6,4375.0,1.38,8.24,1.0,1.08,True,False,True,False,83.88
SUZLON,below_price_floor,,61.98,,,,,,,,,,
SWANENERGY,ranked,0.0643,484.75,526.7,7.96,16.24,1.21,0.81,False,False,False,False,278.28
SWIGGY,insufficient_history,,,,,,,,,,,,
SWSOLAR,ranked,0.1698,291.0,341.0,14.66,21.25,0.91,0.54,False,False,False,False,126.51
SYNGENE,ranked,0.2143,709.7,712.75,0.43,12.97,1.58,2.43,False,False,False,False,91.24
SYRMA,ranked,0.2477,745.0,755.0,1.32,11.68,1.25,1.52,True,True,True,False,184.71
TANLA,ranked,0.1973,642.2,690.0,6.93,12.61,1.0,0.57,True,False,False,False,43.7
TARIL,ranked,0.2152,511.5,525.65,2.69,9.71,0.85,0.84,False,False,False,False,40.82
TATACHEM,ranked,0.3051,1000.0,1004.9,0.49,10.17,1.32,3.15,False,True,False,False,112.16
TATACOMM,ranked,0.2773,1728.2,1813.1,4.68,6.72,1.14,0.71,True,False,False,False,129.93
TATACONSUM,ranked,0.2184,1061.6,1109.7,4.33,6.15,1.09,1.94,False,True,False,False,132.52
TATAELXSI,ranked,0.2418,6086.0,6439.5,5.49,7.59,1.06,0.59,False,False,False,False,159.31
TATAINVEST,ranked,0.3776,6710.0,6950.0,3.45,7.06,1.01,0.51,True,True,False,True,24.78
TATAMOTORS,ranked,0.3341,691.75,706.5,2.09,5.1,0.95,1.01,False,False,True,False,535.48
TATAPOWER,ranked,0.3184,399.9,416.75,4.04,5.81,0.91,0.88,False,True,False,True,227.68
TATASTEEL,ranked,0.5194,162.22,165.6,2.04,5.3,0.83,0.63,True,True,False,False,376.06
TATATECH,ranked,0.3569,707.45,745.4,5.09,6.95,0.72,0.41,False,False,False,False,93.31
TBOTEK,ranked,0.2532,1390.0,1458.0,4.66,10.58,0.84,0.34,False,False,False,False,17.32
TCS,ranked,0.1746,3057.0,3272.0,6.57,7.55,0.92,1.18,False,False,False,False,993.85
TECHM,ranked,0.1514,1458.0,1611.0,9.5,11.98,0.98,0.87,False,True,False,False,333.53
TECHNOE,ranked,0.2658,1460.0,1589.1,8.12,13.36,0.81,0.39,False,True,False,False,31.78
TEJASNET,ranked,0.0239,594.05,703.8,15.59,23.1,1.1,1.18,False,False,False,False,72.39
THERMAX,ranked,0.1441,3794.0,4091.8,7.28,17.71,1.21,0.34,False,False,False,False,128.1
TIINDIA,ranked,0.3238,2873.2,3005.0,4.39,7.35,0.74,0.53,False,False,False,False,77.17
TIMKEN,ranked,0.2833,3358.0,3575.0,6.07,7.13,0.74,1.1,True,False,False,False,37.32
TITAGARH,ranked,0.194,874.0,959.0,8.86,15.73,0.83,0.5,False,False,False,True,109.99
TITAN,ranked,0.4241,3380.0,3490.0,3.15,4.32,0.75,0.67,False,True,False,False,311.81
TORNTPHARM,ranked,0.3871,3779.2,3784.8,0.15,12.45,0.96,1.43,True,True,False,False,193.45
TORNTPOWER,ranked,0.2849,1327.2,1421.1,6.61,7.92,0.74,0.67,False,False,False,True,40.38
TRENT,ranked,0.2221,5004.0,5470.0,8.52,10.24,0.59,0.89,False,False,False,False,677.09
TRIDENT,below_price_floor,,30.9,,,,,,,,,,
TRITURBINE,ranked,0.1762,607.1,675.2,10.09,12.82,0.87,0.55,False,False,False,False,67.93
TRIVENI,ranked,0.3741,368.05,382.0,3.65,6.3,0.63,0.53,False,False,False,False,15.2
TTML,not_found_in_instruments,,,,,,,,,,,,
TVSMOTOR,ranked,0.2916,2815.0,2909.8,3.26,6.43,0.94,0.92,False,True,True,True,161.19
UBL,ranked,0.1997,1978.0,2110.0,6.26,8.49,0.9,2.21,False,True,False,False,36.22
UCOBANK,below_price_floor,,30.24,,,,,,,,,,
ULTRACEMCO,ranked,0.431,12230.0,12714.0,3.81,4.84,0.82,0.77,True,True,True,False,320.63
UNIONBANK,ranked,0.2053,133.05,144.7,8.05,10.35,0.81,1.01,False,True,False,False,181.45
UNITDSPR,ranked,0.3058,1317.0,1399.9,5.92,7.68,0.63,0.73,False,False,False,False,145.51
UNOMINDA,ranked,0.3278,1075.0,1143.2,5.97,9.39,0.8,0.73,True,True,False,False,51.47
UPL,ranked,0.2352,724.6,735.85,1.53,12.3,1.14,1.4,True,True,False,True,187.68
USHAMART,ranked,0.2632,379.7,398.25,4.66,10.6,0.99,0.39,False,True,False,False,18.48
UTIAMC,ranked,0.1233,1325.0,1494.8,11.36,14.75,1.24,1.06,True,True,False,False,58.62
VBL,ranked,0.2347,512.7,514.8,0.41,12.64,1.11,1.21,False,False,False,False,399.07
VEDL,ranked,0.4481,440.0,457.35,3.79,5.44,0.7,0.42,False,True,False,False,337.13
VGUARD,ranked,0.0746,380.6,409.75,7.11,10.16,1.1,1.16,False,False,False,False,12.64
VIJAYA,ranked,0.05,1118.35,1164.7,3.98,15.92,1.53,5.01,False,True,False,True,61.65
VMM,insufficient_history,,,,,,,,,,,,
VOLTAS,ranked,0.3084,1333.3,1400.0,4.76,7.41,0.8,0.54,False,False,False,False,148.34
VTL,ranked,0.195,462.5,506.6,8.71,10.92,0.9,0.57,False,False,True,False,35.01
WAAREEENER,insufficient_history,,,,,,,,,,,,
WELCORP,ranked,0.3221,924.0,946.75,2.4,9.67,1.1,0.64,True,True,False,False,67.09
WELSPUNLIV,ranked,0.3084,136.75,144.56,5.4,8.78,0.7,0.45,False,False,False,False,54.25
WESTLIFE,ranked,0.1089,756.6,806.4,6.18,9.55,1.23,0.91,False,False,False,False,10.36
WHIRLPOOL,ranked,0.1747,1385.4,1473.8,6.0,9.54,0.96,0.82,False,False,False,False,37.05
WIPRO,ranked,0.0906,251.35,271.9,7.56,9.81,1.26,0.99,False,False,False,False,262.14
WOCKPHARMA,ranked,0.2759,1698.0,1867.0,9.05,11.9,0.93,0.5,True,True,False,False,135.03
YESBANK,below_price_floor,,19.43,,,,,,,,,,
ZEEL,ranked,0.089,118.9,146.99,19.11,25.48,1.11,0.77,False,False,False,False,231.69
ZENSARTECH,ranked,0.1477,811.9,857.3,5.3,10.67,1.0,1.07,False,True,False,False,66.41
ZENTEC,ranked,0.2575,1606.2,1925.0,16.56,19.85,0.68,0.3,False,False,True,False,48.74
ZFCVINDIA,ranked,0.1522,13240.0,14185.0,6.66,10.46,0.85,0.96,False,False,False,True,12.63
ZYDUSLIFE,ranked,0.5745,995.6,997.95,0.24,4.66,0.94,0.86,True,False,False,False,85.09
