symbol,score,close,pivot,dist_to_pivot_pct,box_span_pct,atr_ratio,vol5_to_vol50,uptrend,within_20pct_high,nr7_today,inside_today,tv20_cr,ema_9,ema_50,above_ema_9,above_ema_50,ema_trend
PTCIL,0.6503,14750.0,14850.0,0.67,5.09,0.6,0.55,False,True,False,False,21.38,14608.67,14565.03,True,True,bullish
SUNPHARMA,0.6387,1718.0,1731.3,0.77,3.49,0.77,0.6,False,True,False,False,280.75,1701.05,1717.02,True,False,bullish
PIIND,0.6274,4254.0,4258.0,0.09,6.64,1.08,0.45,True,True,False,False,56.28,4142.74,4157.33,True,True,bullish
APOLLOHOSP,0.6029,7469.0,7502.0,0.44,4.4,1.01,0.84,True,True,False,False,336.64,7377.13,7201.19,True,True,bullish
RAMCOCEM,0.6023,1194.5,1196.0,0.13,6.11,1.29,0.51,True,True,False,False,56.15,1171.51,1158.05,True,True,bullish
HDFCBANK,0.5938,2023.2,2037.7,0.71,4.19,0.99,0.81,True,True,False,False,1539.08,2007.1,1967.46,True,True,bullish
LUPIN,0.5927,1984.2,1987.0,0.14,5.53,0.93,0.68,False,True,False,False,195.21,1949.83,1947.67,True,True,bullish
DRREDDY,0.5868,1301.0,1302.0,0.08,5.46,0.82,1.27,True,True,False,False,180.57,1274.05,1268.58,True,True,bullish
ALKEM,0.5777,5069.0,5097.5,0.56,6.13,0.71,0.45,False,False,False,False,55.6,5003.14,4948.27,True,True,bullish
ZYDUSLIFE,0.5745,995.6,997.95,0.24,4.66,0.94,0.86,True,False,False,False,85.09,976.36,969.84,True,True,bullish
ESCORTS,0.5561,3489.9,3499.7,0.28,7.02,0.74,0.55,False,False,False,False,30.31,3428.47,3350.87,True,True,bullish
JSWSTEEL,0.5494,1035.9,1053.5,1.67,3.48,0.87,0.85,True,True,False,False,152.85,1032.25,1034.06,True,True,bearish
NAVINFLUOR,0.5262,5130.0,5180.0,0.97,6.74,0.94,0.77,True,True,False,False,52.13,5057.99,5061.38,True,True,bullish
HINDALCO,0.5206,693.95,704.4,1.48,5.98,0.76,0.88,True,True,False,False,286.75,688.33,670.44,True,True,bullish
ICICIBANK,0.5197,1484.9,1500.0,1.01,6.16,0.87,0.97,True,True,False,False,1244.44,1471.05,1442.42,True,True,bullish
TATASTEEL,0.5194,162.22,165.6,2.04,5.3,0.83,0.63,True,True,False,False,376.06,161.33,159.83,True,True,bullish
INDIGO,0.5158,5765.0,5964.5,3.34,4.54,0.77,0.36,True,True,False,False,474.07,5832.22,5902.17,False,False,bearish
BAYERCROP,0.5076,6330.5,6491.0,2.47,5.16,0.95,0.36,True,True,False,True,23.36,6332.33,5933.03,True,True,bullish
AUROPHARMA,0.5026,1157.4,1166.8,0.81,5.77,0.81,0.7,False,False,False,False,111.99,1133.42,1144.64,True,True,bullish
HINDZINC,0.4963,437.2,449.0,2.63,5.17,0.57,0.23,False,False,False,False,114.5,438.06,429.16,False,True,bearish
MRF,0.4958,149270.0,153000.0,2.44,4.32,0.94,0.59,True,True,False,True,112.57,149179.43,148734.78,True,True,bearish
LT,0.4946,3488.0,3548.7,1.71,4.12,0.77,0.9,False,True,False,False,499.18,3470.76,3486.79,True,True,bearish
MUTHOOTFIN,0.4851,2617.7,2718.0,3.69,5.18,0.77,0.45,True,True,False,False,87.2,2653.04,2650.38,False,False,bearish
SBILIFE,0.4816,1833.2,1858.0,1.33,5.67,1.01,0.93,True,True,False,True,163.47,1822.67,1814.3,True,True,bullish
DIXON,0.4816,16799.0,16969.0,1.0,7.49,0.73,0.87,False,True,True,False,680.45,16470.51,15529.45,True,True,bullish
ASAHIINDIA,0.4773,831.5,876.4,5.12,6.79,0.84,0.16,True,True,True,False,54.29,838.27,786.94,False,True,bearish
MARUTI,0.4755,12488.0,12719.0,1.82,3.61,0.87,0.91,False,True,False,False,326.23,12468.03,12515.12,True,False,bearish
ONGC,0.4755,241.1,247.35,2.53,3.96,0.59,0.55,False,False,False,False,187.44,242.78,243.24,False,False,bearish
BHARATFORG,0.4644,1219.0,1241.7,1.83,4.65,0.85,0.54,False,False,False,False,105.57,1215.73,1238.66,True,False,bearish
POLYCAB,0.4634,6926.5,7080.0,2.17,5.28,0.99,0.71,True,True,False,False,270.84,6877.33,6822.65,True,True,bullish
BAJAJHLDNG,0.4625,14062.0,14350.0,2.01,5.97,0.83,0.89,True,True,False,True,55.84,13986.37,13693.02,True,True,bearish
BOSCHLTD,0.4613,40090.0,40120.0,0.07,8.97,1.32,0.95,True,True,False,False,210.94,38244.14,34596.18,True,True,bullish
ITC,0.4593,408.2,425.9,4.16,4.45,0.78,0.4,False,True,False,False,359.14,413.61,419.87,False,False,bearish
SKFINDIA,0.4551,4830.0,5025.0,3.88,5.86,0.79,0.5,True,True,False,False,19.44,4905.1,4919.52,False,False,bearish
NH,0.4511,1987.0,2045.0,2.84,6.78,0.8,0.45,True,True,False,False,86.1,1980.03,1973.37,True,True,bullish
JIOFIN,0.4491,322.0,327.7,1.74,6.65,0.95,0.85,True,True,False,False,495.69,316.03,325.48,True,False,bearish
VEDL,0.4481,440.0,457.35,3.79,5.44,0.7,0.42,False,True,False,False,337.13,444.83,442.28,False,False,bearish
RADICO,0.4475,2687.5,2785.9,3.53,5.02,0.79,0.68,True,True,False,True,54.22,2712.56,2709.16,False,False,bearish
JKCEMENT,0.4468,6486.0,6690.0,3.05,4.75,0.95,0.52,True,True,False,False,60.95,6495.66,6444.21,True,True,bullish
COALINDIA,0.4463,384.0,392.45,2.15,4.04,0.71,0.75,False,False,False,False,178.06,384.28,388.86,False,False,bearish
POWERGRID,0.4461,293.0,301.5,2.82,3.99,0.79,0.62,False,True,False,False,226.82,295.31,298.0,False,False,bearish
GLAXO,0.4439,3149.5,3254.9,3.24,5.79,0.63,0.48,False,True,False,False,21.49,3144.81,3157.75,True,False,bearish
AEGISLOG,0.4436,728.55,761.0,4.26,5.63,0.56,0.29,False,False,False,False,23.05,741.12,768.15,False,False,bearish
NYKAA,0.4424,210.0,221.95,5.38,7.15,0.9,0.24,True,True,False,False,196.96,213.7,216.3,False,False,bearish
ENDURANCE,0.4423,2612.0,2764.9,5.53,9.35,0.69,0.18,True,True,False,False,28.08,2608.07,2526.49,False,True,bearish
CESC,0.4386,177.8,183.0,2.84,6.1,0.82,0.6,True,True,False,False,54.13,176.56,172.05,True,True,bearish
BERGEPAINT,0.4371,572.0,585.25,2.26,5.32,0.89,0.64,False,True,False,False,25.46,569.1,565.88,True,True,bearish
ULTRACEMCO,0.431,12230.0,12714.0,3.81,4.84,0.82,0.77,True,True,True,False,320.63,12340.55,12468.31,False,False,bearish
LLOYDSME,0.4305,1486.5,1555.0,4.41,7.0,0.78,0.49,True,True,False,False,48.59,1499.68,1512.44,False,False,bearish
MAXHEALTH,0.4298,1271.4,1288.8,1.35,6.91,0.93,1.14,True,True,False,True,226.99,1257.14,1250.87,True,True,bullish
CIPLA,0.4289,1570.3,1579.4,0.58,7.95,1.08,1.7,True,True,False,False,254.47,1520.53,1498.75,True,True,bullish
IOC,0.4269,148.15,152.75,3.01,4.22,0.83,0.57,True,False,True,False,154.16,149.57,151.46,False,False,bearish
CUMMINSIND,0.4263,3531.2,3633.0,2.8,4.76,0.94,0.75,True,True,True,True,174.01,3549.28,3366.69,False,True,bearish
PFIZER,0.4246,5277.0,5514.0,4.3,5.25,0.79,0.48,False,True,False,False,20.77,5325.71,5420.59,False,False,bearish
TITAN,0.4241,3380.0,3490.0,3.15,4.32,0.75,0.67,False,True,False,False,311.81,3427.04,3421.42,False,False,bearish
ANANDRATHI,0.4217,2688.4,2698.2,0.36,17.93,1.84,0.59,True,True,True,False,132.0,2599.64,2232.51,True,True,bullish
BPCL,0.4186,335.05,351.7,4.73,6.18,0.77,0.7,True,True,True,True,220.54,338.76,329.04,False,True,bearish
AMBUJACEM,0.4168,611.75,624.95,2.11,6.61,0.92,0.9,True,True,False,False,147.86,609.49,579.31,True,True,bullish
GRASIM,0.4163,2745.3,2812.1,2.38,5.27,0.84,0.77,False,True,False,True,196.64,2736.77,2726.96,True,True,bearish
ERIS,0.4149,1795.0,1848.9,2.92,8.61,0.76,0.42,True,True,False,False,19.6,1776.1,1678.32,True,True,bullish
ASTERDM,0.4138,591.8,617.95,4.23,7.75,0.72,0.55,True,True,False,False,136.52,591.08,578.81,True,True,bearish
SCI,0.4118,215.6,226.54,4.83,7.05,0.6,0.22,False,False,False,False,46.61,218.58,221.8,False,False,bearish
ASIANPAINT,0.4063,2406.1,2448.6,1.74,5.34,1.0,0.64,False,False,False,False,226.49,2376.66,2355.78,True,True,bearish
ABBOTINDIA,0.4048,34720.0,35290.0,1.62,7.85,1.09,0.83,True,True,False,False,23.45,34123.64,33016.57,True,True,bearish
HDFCAMC,0.4047,5625.0,5673.0,0.85,11.03,0.94,0.92,True,True,False,False,308.87,5530.81,5091.6,True,True,bullish
EXIDEIND,0.4025,392.25,398.0,1.44,5.58,0.93,0.87,False,False,False,False,68.87,387.29,384.77,True,True,bullish
NTPC,0.4014,335.3,345.0,2.81,4.92,0.77,0.48,False,False,False,False,289.36,337.63,340.65,False,False,bearish
BHARTIHEXA,0.4005,1788.1,1850.3,3.36,7.33,0.78,0.32,False,True,False,False,46.49,1795.98,1780.8,False,True,bearish
SIEMENS,0.4001,3061.3,3164.0,3.25,4.82,0.73,0.47,False,False,False,False,139.78,3100.1,3158.83,False,False,bearish
APLLTD,0.4001,1007.1,1044.8,3.61,7.22,0.86,0.24,True,False,False,True,15.92,1011.91,984.76,True,True,bearish
MOTILALOFS,0.3989,940.85,955.0,1.48,7.97,0.99,1.03,True,True,False,False,182.55,918.7,933.17,True,True,bearish
ADANIPORTS,0.3967,1397.0,1474.0,5.22,7.19,0.77,0.38,False,True,False,True,135.99,1410.79,1399.61,False,False,bearish
RECLTD,0.396,401.35,408.25,1.69,4.3,0.75,1.37,False,False,False,False,307.48,398.9,398.31,True,True,bearish
KEC,0.3919,861.9,892.2,3.4,4.68,0.77,0.48,False,False,False,False,36.18,868.11,883.23,False,False,bearish
GPIL,0.3913,194.21,197.61,1.72,8.01,0.8,0.6,False,False,False,False,24.17,190.97,188.26,True,True,bullish
ASHOKLEY,0.3909,123.0,127.2,3.3,4.55,1.12,0.68,True,True,False,True,112.61,123.6,121.16,False,True,bearish
HDFCLIFE,0.3902,757.0,776.9,2.56,5.82,1.07,0.46,False,True,True,False,213.99,759.71,759.96,False,False,bearish
CONCOR,0.3877,592.5,625.0,5.2,6.5,0.72,0.3,False,False,True,False,71.27,602.47,601.19,False,False,bearish
PIDILITIND,0.3876,2891.0,3010.0,3.95,5.26,0.83,0.65,False,True,False,False,69.85,2923.45,3014.12,False,False,bearish
TORNTPHARM,0.3871,3779.2,3784.8,0.15,12.45,0.96,1.43,True,True,False,False,193.45,3580.15,3417.93,True,True,bullish
HINDPETRO,0.3846,426.4,448.55,4.94,6.82,0.9,0.64,True,True,False,False,180.55,429.29,437.24,False,False,bearish
JUBLINGREA,0.3832,808.0,851.8,5.14,9.65,0.86,0.27,True,True,False,False,35.78,805.45,812.32,False,False,bearish
JINDALSAW,0.3799,217.75,230.44,5.51,7.68,0.61,0.31,False,False,False,False,25.64,222.9,227.45,False,False,bearish
ADANIENT,0.3783,2546.3,2654.5,4.08,5.77,0.72,0.46,False,False,False,False,114.4,2571.94,2541.4,False,True,bearish
TATAINVEST,0.3776,6710.0,6950.0,3.45,7.06,1.01,0.51,True,True,False,True,24.78,6678.16,6652.64,True,True,bullish
CCL,0.3745,869.0,907.0,4.19,9.71,0.93,0.23,True,True,False,False,18.69,856.91,830.2,True,True,bearish
TRIVENI,0.3741,368.05,382.0,3.65,6.3,0.63,0.53,False,False,False,False,15.2,366.95,368.17,True,False,bearish
GODREJIND,0.3727,1119.6,1184.0,5.44,9.11,0.74,0.28,False,True,False,False,25.18,1132.74,1170.75,False,False,bearish
DEEPAKNTR,0.3713,1868.3,1996.0,6.4,7.76,0.58,0.39,False,False,False,False,21.56,1908.47,1957.85,False,False,bearish
MFSL,0.3705,1502.5,1592.5,5.65,6.2,0.95,0.45,False,True,False,False,117.72,1535.15,1567.18,False,False,bearish
JBCHEPHARM,0.3701,1804.0,1812.7,0.48,11.57,0.72,1.41,False,True,False,False,84.19,1707.72,1643.7,True,True,bullish
COROMANDEL,0.3687,2500.0,2537.8,1.49,9.94,0.86,0.78,False,True,False,False,138.19,2402.93,2322.0,True,True,bullish
BSE,0.3665,2485.0,2585.0,3.87,7.81,0.8,0.43,False,True,False,True,1377.31,2499.7,2519.34,False,False,bearish
LINDEINDIA,0.3662,6570.0,6884.5,4.57,7.34,0.62,0.43,False,False,False,True,16.38,6597.9,6721.75,False,False,bearish
FORTIS,0.3639,848.65,854.5,0.68,11.02,0.99,1.19,True,True,True,False,129.66,829.36,773.47,True,True,bullish
GICRE,0.3634,371.0,398.2,6.83,8.17,0.61,0.33,False,False,False,False,21.86,377.09,388.36,False,False,bearish
SOLARINDS,0.3607,14482.0,15493.0,6.53,7.82,0.72,0.56,False,True,True,False,202.69,14771.05,15491.74,False,False,bearish
DIVISLAB,0.3599,6674.5,6881.0,3.0,6.11,0.97,0.51,False,True,False,False,192.55,6669.27,6606.99,True,True,bearish
GNFC,0.3591,540.0,560.0,3.57,5.93,0.78,0.49,False,False,False,False,15.83,542.86,539.15,False,True,bearish
HINDUNILVR,0.3569,2456.4,2532.9,3.02,5.19,1.06,0.56,False,True,False,False,383.0,2460.2,2505.85,False,False,bearish
TATATECH,0.3569,707.45,745.4,5.09,6.95,0.72,0.41,False,False,False,False,93.31,711.35,711.33,False,False,bearish
MANAPPURAM,0.356,259.0,276.75,6.41,7.68,0.89,0.39,False,True,False,False,94.31,265.75,266.29,False,False,bearish
BIOCON,0.355,397.9,406.0,2.0,9.3,1.07,0.74,True,True,False,False,192.25,392.33,367.27,True,True,bullish
LTFOODS,0.3549,499.75,518.55,3.63,8.31,0.95,0.53,True,True,False,False,58.92,493.11,495.14,True,True,bearish
EIHOTEL,0.3545,379.9,393.4,3.43,5.63,0.89,0.71,False,True,False,False,13.24,379.37,371.92,False,True,bearish
INDGN,0.3537,547.5,586.0,6.57,7.8,0.76,0.26,False,False,True,False,20.36,557.12,567.06,False,False,bearish
AJANTPHARM,0.3532,2827.0,2862.4,1.24,9.56,1.11,0.74,False,True,False,False,48.39,2765.48,2661.36,True,True,bullish
EIDPARRY,0.3513,1208.1,1222.2,1.15,9.49,1.14,1.07,True,True,False,False,31.98,1175.09,1060.68,True,True,bullish
ALKYLAMINE,0.351,2207.9,2348.8,6.0,9.28,1.01,0.34,True,True,False,False,22.43,2224.47,2131.64,False,True,bearish
CUB,0.3506,205.92,219.9,6.36,8.48,0.93,0.56,True,True,False,False,35.86,209.41,203.83,False,True,bearish
BHARTIARTL,0.3499,1913.7,1970.4,2.88,4.72,1.07,0.71,False,True,False,False,960.6,1924.22,1911.58,False,True,bearish
RITES,0.3487,264.4,284.0,6.9,10.12,0.52,0.25,False,False,False,False,62.57,269.78,277.19,False,False,bearish
JINDALSTEL,0.348,983.55,1006.35,2.27,8.05,0.78,1.21,True,True,False,True,141.45,975.58,953.27,True,True,bullish
DMART,0.3478,4005.0,4127.9,2.98,4.94,0.79,0.69,False,False,False,False,274.12,4021.99,4112.22,False,False,bearish
FLUOROCHEM,0.3465,3540.1,3632.0,2.53,7.89,0.78,0.5,False,False,False,False,34.61,3518.69,3586.47,True,False,bullish
JSWENERGY,0.3459,524.3,538.75,2.68,5.18,0.84,0.75,False,False,False,True,179.32,526.67,529.58,False,False,bearish
BANKBARODA,0.3458,242.04,250.57,3.4,5.84,1.02,0.87,True,True,True,True,191.99,242.82,239.3,False,True,bearish
MAPMYINDIA,0.3454,1808.4,1860.0,2.77,4.81,0.94,0.64,False,False,False,True,20.09,1824.29,1803.4,False,True,bullish
KNRCON,0.345,212.5,228.0,6.8,7.92,0.72,0.34,False,False,True,False,20.87,218.51,219.19,False,False,bearish
ASTRAZEN,0.3425,8960.0,9650.5,7.16,9.24,0.95,0.18,False,True,False,False,34.15,9006.9,8977.22,False,False,bearish
OIL,0.3399,440.3,456.0,3.44,7.04,0.82,0.38,False,False,False,False,100.28,441.23,440.01,False,True,bearish
SUPREMEIND,0.3393,4314.6,4375.0,1.38,8.24,1.0,1.08,True,False,True,False,83.88,4245.52,4178.14,True,True,bullish
NAVA,0.3393,605.95,641.0,5.47,9.18,0.89,0.58,True,True,False,False,36.06,610.32,601.48,False,True,bearish
JUBLFOOD,0.3391,654.3,695.5,5.92,8.44,0.73,0.58,False,True,False,False,56.34,661.17,680.11,False,False,bearish
INDHOTEL,0.3378,748.05,777.4,3.78,7.04,0.84,0.67,False,True,False,True,220.43,750.43,746.38,False,True,bearish
LICI,0.3373,899.0,935.75,3.93,6.2,0.83,0.51,False,False,False,False,63.66,908.31,921.73,False,False,bearish
CAPLIPOINT,0.3357,2088.0,2150.3,2.9,7.15,0.76,0.51,False,False,False,False,12.53,2074.09,2061.05,True,True,bearish
BLUEDART,0.3347,6506.0,6940.0,6.25,7.53,0.79,0.37,False,False,False,False,16.52,6701.33,6624.63,False,False,bearish
BANKINDIA,0.3346,112.3,118.47,5.21,7.28,0.77,0.73,False,True,False,False,79.49,113.55,114.48,False,False,bearish
TATAMOTORS,0.3341,691.75,706.5,2.09,5.1,0.95,1.01,False,False,True,False,535.48,687.69,691.25,True,True,bullish
APTUS,0.3339,331.0,354.8,6.71,9.08,1.06,0.4,True,True,False,False,48.03,343.03,332.32,False,False,bearish
JYOTICNC,0.333,1032.0,1084.0,4.8,8.33,0.68,0.4,False,False,False,False,38.95,1033.5,1031.68,False,True,bearish
APOLLOTYRE,0.3312,455.5,473.0,3.7,5.83,0.94,0.46,False,False,False,True,60.99,455.51,457.91,True,False,bearish
ATGL,0.3309,629.5,666.9,5.61,7.77,0.72,0.45,False,False,False,False,34.6,639.43,649.27,False,False,bearish
EICHERMOT,0.3305,5479.5,5683.0,3.58,6.02,0.98,0.69,False,True,False,False,177.69,5485.19,5505.99,False,False,bearish
M&M,0.3299,3207.0,3303.0,2.91,7.78,0.99,0.76,True,True,True,False,638.41,3217.68,3179.23,False,True,bullish
UNOMINDA,0.3278,1075.0,1143.2,5.97,9.39,0.8,0.73,True,True,False,False,51.47,1078.94,1092.31,False,False,bearish
IIFL,0.3272,518.05,538.15,3.74,8.75,0.91,0.69,True,True,False,True,112.32,519.53,521.91,False,False,bearish
INDIANB,0.3271,630.0,657.0,4.11,5.54,1.02,1.03,True,True,True,True,113.03,633.36,632.43,False,False,bearish
TIINDIA,0.3238,2873.2,3005.0,4.39,7.35,0.74,0.53,False,False,False,False,77.17,2895.86,2903.04,False,False,bearish
IRCTC,0.3229,736.95,781.9,5.75,7.45,0.72,0.54,False,False,False,False,49.44,752.23,774.11,False,False,bearish
FINPIPE,0.3221,209.0,216.59,3.5,7.46,0.74,0.52,False,False,True,False,16.08,208.71,208.16,True,True,bullish
WELCORP,0.3221,924.0,946.75,2.4,9.67,1.1,0.64,True,True,False,False,67.09,906.02,924.0,True,True,bearish
STARHEALTH,0.321,425.6,452.0,5.84,7.97,0.82,0.35,False,False,False,False,26.19,430.47,429.14,False,False,bearish
LAURUSLABS,0.3208,910.5,913.7,0.35,13.78,1.25,2.6,True,True,False,False,266.59,852.69,811.96,True,True,bullish
KARURVYSYA,0.3204,259.05,276.95,6.46,8.63,0.89,0.77,True,True,False,False,69.2,265.62,270.18,False,False,bearish
BRITANNIA,0.3199,5650.0,5860.0,3.58,5.13,0.9,0.99,False,True,False,True,138.17,5676.11,5637.53,False,False,bearish
LEMONTREE,0.3186,150.68,158.9,5.17,6.9,1.29,0.65,True,True,False,False,67.36,153.94,156.53,False,False,bearish
TATAPOWER,0.3184,399.9,416.75,4.04,5.81,0.91,0.88,False,True,False,True,227.68,400.82,400.98,False,False,bearish
FEDERALBNK,0.3178,205.08,216.8,5.41,6.42,0.88,0.83,False,True,False,False,129.43,209.48,207.92,False,False,bearish
MINDACORP,0.3177,512.85,542.3,5.43,8.05,0.7,0.52,False,False,False,False,16.41,515.28,517.25,False,False,bearish
FIRSTCRY,0.3173,352.45,393.0,10.32,12.12,0.53,0.13,False,False,False,False,47.82,362.03,368.85,False,False,bearish
IREDA,0.3172,150.74,160.8,6.26,9.08,0.63,0.45,False,False,False,False,137.72,155.05,164.18,False,False,bearish
COCHINSHIP,0.3128,1778.0,1976.2,10.03,14.58,0.48,0.22,False,False,False,False,219.55,1835.95,1918.79,False,False,bearish
GLENMARK,0.3111,2165.7,2266.0,4.43,6.74,1.92,0.72,True,True,False,False,474.45,2142.96,1850.44,True,True,bullish
NBCC,0.3087,109.85,116.75,5.91,8.74,0.65,0.53,False,False,False,False,88.61,111.72,113.48,False,False,bearish
GESHIP,0.3086,957.05,1008.65,5.12,9.47,0.7,0.35,False,False,False,False,42.14,970.94,972.5,False,False,bearish
VOLTAS,0.3084,1333.3,1400.0,4.76,7.41,0.8,0.54,False,False,False,False,148.34,1347.62,1365.64,False,False,bearish
WELSPUNLIV,0.3084,136.75,144.56,5.4,8.78,0.7,0.45,False,False,False,False,54.25,138.18,141.39,False,False,bearish
EMAMILTD,0.3083,561.0,596.2,5.9,7.67,0.76,0.55,False,False,False,False,35.67,574.71,581.79,False,False,bearish
PNB,0.3066,109.46,115.71,5.4,8.64,1.08,0.62,True,True,False,False,220.81,109.75,110.16,False,False,bearish
GRSE,0.3066,2505.0,2798.6,10.49,14.99,0.52,0.21,False,False,False,False,279.09,2593.28,2697.87,False,False,bearish
UNITDSPR,0.3058,1317.0,1399.9,5.92,7.68,0.63,0.73,False,False,False,False,145.51,1337.38,1369.01,False,False,bearish
TATACHEM,0.3051,1000.0,1004.9,0.49,10.17,1.32,3.15,False,True,False,False,112.16,953.95,933.73,True,True,bullish
PAGEIND,0.305,47215.0,49380.0,4.38,6.88,0.95,0.75,False,True,False,False,87.88,47013.64,47815.02,True,False,bearish
BEL,0.3045,390.0,412.9,5.55,8.95,0.84,0.58,False,True,False,False,620.89,396.91,390.94,False,False,bearish
INDUSTOWER,0.304,390.0,409.8,4.83,7.14,0.99,0.67,False,True,False,False,179.58,396.29,401.2,False,False,bearish
AKUMS,0.3026,543.0,569.8,4.7,8.2,0.82,0.43,False,False,False,False,13.91,542.1,551.42,True,False,bearish
FACT,0.3025,944.0,997.0,5.32,10.22,0.79,0.47,False,True,False,False,68.13,949.83,936.92,False,True,bearish
JWL,0.3021,351.7,375.9,6.44,10.71,0.56,0.39,False,False,False,False,21.16,357.42,369.79,False,False,bearish
GODREJCP,0.3015,1213.0,1289.3,5.92,7.18,0.76,0.67,False,False,True,False,157.26,1229.29,1226.13,False,False,bearish
RAILTEL,0.2996,385.5,426.0,9.51,13.22,0.5,0.28,False,False,False,True,62.62,395.65,405.42,False,False,bearish
PFC,0.2985,411.45,432.0,4.76,7.45,0.84,0.54,False,False,False,False,244.59,416.04,425.15,False,False,bearish
GAIL,0.2958,183.2,188.89,3.01,5.84,0.75,0.91,False,False,False,False,213.19,184.17,186.39,False,False,bearish
POLICYBZR,0.2958,1794.0,1863.7,3.74,7.03,0.8,0.67,False,False,False,True,197.11,1797.06,1819.65,False,False,bearish
ADANIPOWER,0.2955,591.6,619.3,4.47,9.85,0.8,0.56,True,False,False,False,263.12,586.66,574.89,True,True,bearish
EMCURE,0.2947,1410.0,1458.0,3.29,12.26,0.96,0.34,True,True,False,True,61.04,1393.94,1302.56,True,True,bullish
IRCON,0.2941,182.45,195.25,6.56,11.6,0.57,0.28,False,False,False,False,60.85,184.4,190.75,False,False,bearish
ICICIGI,0.2939,1915.0,2052.0,6.68,8.46,1.01,0.5,False,True,False,False,123.78,1932.11,1975.01,False,False,bearish
TVSMOTOR,0.2916,2815.0,2909.8,3.26,6.43,0.94,0.92,False,True,True,True,161.19,2808.66,2825.5,False,False,bearish
REDINGTON,0.2914,288.3,313.9,8.16,10.32,0.78,0.53,False,True,False,False,54.35,297.99,299.53,False,False,bearish
ITI,0.291,302.0,326.9,7.62,11.71,0.66,0.17,False,False,False,False,8.15,306.56,315.35,False,False,bearish
CASTROLIND,0.2897,222.45,232.43,4.29,6.65,1.02,0.79,True,False,False,True,69.31,222.55,217.67,False,True,bearish
BAJAJFINSV,0.2893,1975.2,2063.2,4.27,6.6,0.87,0.98,False,True,False,False,231.18,2008.13,2008.56,False,False,bearish
RCF,0.2891,152.99,159.8,4.26,7.58,0.83,0.59,False,False,False,False,21.49,153.48,153.8,False,False,bearish
FINCABLES,0.288,908.0,964.8,5.89,9.21,0.7,0.51,False,False,False,False,16.09,916.54,940.63,False,False,bearish
JSL,0.2878,677.9,704.0,3.71,7.52,0.87,0.86,False,True,False,False,47.62,673.05,679.86,True,False,bearish
SBIN,0.2862,798.85,842.5,5.18,6.18,1.02,0.88,False,True,True,False,761.8,810.34,815.97,False,False,bearish
SHREECEM,0.2855,30510.0,32490.0,6.09,7.8,1.06,0.59,False,True,True,False,78.54,31111.35,31188.31,False,False,bearish
ABSLAMC,0.2853,875.0,901.25,2.91,7.23,1.01,1.08,True,True,False,True,36.87,868.08,800.62,True,True,bullish
TORNTPOWER,0.2849,1327.2,1421.1,6.61,7.92,0.74,0.67,False,False,False,True,40.38,1351.66,1400.69,False,False,bearish
JYOTHYLAB,0.2847,334.0,359.8,7.17,9.4,0.8,0.38,False,False,False,False,20.91,339.29,348.33,False,False,bearish
TIMKEN,0.2833,3358.0,3575.0,6.07,7.13,0.74,1.1,True,False,False,False,37.32,3431.57,3387.75,False,False,bearish
RVNL,0.2828,361.1,391.45,7.75,10.92,0.53,0.5,False,False,False,False,139.99,368.89,380.08,False,False,bearish
BAJAJ-AUTO,0.2814,8127.0,8470.0,4.05,5.35,0.96,0.8,False,False,False,False,222.33,8216.81,8264.35,False,False,bearish
PHOENIXLTD,0.2805,1511.5,1545.3,2.19,7.34,0.74,1.87,False,False,False,False,177.7,1494.59,1501.84,True,True,bullish
GRAVITA,0.2799,1876.7,1897.6,1.1,10.37,0.81,1.76,False,False,False,True,54.11,1801.73,1803.62,True,True,bullish
PRAJIND,0.2788,470.0,512.0,8.2,9.36,0.76,0.48,False,False,False,False,22.97,485.83,496.41,False,False,bearish
MARICO,0.2777,698.25,745.0,6.28,7.85,0.97,0.74,False,True,False,True,133.06,709.0,722.47,False,False,bearish
ROUTE,0.2776,913.6,1028.0,11.13,14.11,0.66,0.21,False,False,False,False,10.63,936.9,981.27,False,False,bearish
SARDAEN,0.2775,445.1,460.45,3.33,7.0,1.05,0.48,False,False,False,False,16.14,442.89,442.61,True,True,bearish
TATACOMM,0.2773,1728.2,1813.1,4.68,6.72,1.14,0.71,True,False,False,False,129.93,1734.29,1745.45,False,False,bearish
ASTRAL,0.2765,1420.0,1521.9,6.7,8.08,0.71,0.74,False,False,False,False,85.8,1455.96,1471.12,False,False,bearish
LTTS,0.276,4282.0,4500.0,4.84,7.66,0.91,0.56,False,False,False,False,40.05,4299.44,4339.51,False,False,bearish
HUDCO,0.276,217.15,235.88,7.94,10.83,0.62,0.44,False,False,False,False,69.43,222.06,228.8,False,False,bearish
WOCKPHARMA,0.2759,1698.0,1867.0,9.05,11.9,0.93,0.5,True,True,False,False,135.03,1713.31,1715.04,False,False,bearish
DATAPATTNS,0.2758,2584.9,2934.7,11.92,15.66,0.65,0.23,False,False,False,False,63.72,2713.78,2759.96,False,False,bearish
MCX,0.2747,7842.0,8443.0,7.12,10.57,0.84,0.52,False,True,False,False,442.91,8057.6,8251.56,False,False,bearish
SUNDRMFAST,0.2729,1010.0,1049.9,3.8,7.04,1.07,0.46,False,False,False,False,10.05,1012.21,1026.95,False,False,bearish
NIACL,0.2728,173.5,188.49,7.95,11.35,0.64,0.37,False,False,False,False,6.41,180.21,184.87,False,False,bearish
NATIONALUM,0.2724,189.75,200.0,5.12,7.37,0.86,0.69,False,False,False,False,139.78,192.08,190.21,False,False,bearish
RBLBANK,0.2715,256.0,272.88,6.19,8.67,1.02,0.9,True,True,False,False,317.29,257.22,256.78,False,False,bearish
BEML,0.2703,4058.0,4727.0,14.15,19.37,0.83,0.34,False,True,False,False,227.23,4237.81,4213.85,False,False,bearish
LALPATHLAB,0.2701,3035.0,3137.9,3.28,8.64,1.05,0.87,True,True,True,True,44.31,3022.04,2960.4,True,True,bullish
DEVYANI,0.2689,166.8,181.0,7.85,8.87,0.89,0.44,False,False,False,False,47.84,171.91,171.47,False,False,bearish
DOMS,0.2681,2348.0,2435.0,3.57,6.38,0.92,0.79,False,False,False,False,16.61,2371.17,2456.98,False,False,bearish
MANYAVAR,0.2665,760.0,824.35,7.81,9.54,0.82,0.45,False,False,False,False,18.09,780.8,798.59,False,False,bearish
TECHNOE,0.2658,1460.0,1589.1,8.12,13.36,0.81,0.39,False,True,False,False,31.78,1483.48,1569.52,False,False,bearish
KALYANKJIL,0.2656,603.95,617.7,2.23,6.21,0.93,1.25,False,False,False,False,245.18,598.92,591.29,True,True,bullish
DLF,0.2641,800.2,856.45,6.57,8.93,0.89,0.76,False,True,False,True,197.56,821.56,812.7,False,False,bearish
BALRAMCHIN,0.2639,594.0,627.8,5.38,8.3,0.92,0.82,False,True,False,False,19.56,598.55,591.87,False,False,bearish
USHAMART,0.2632,379.7,398.25,4.66,10.6,0.99,0.39,False,True,False,False,18.48,375.42,371.43,True,True,bearish
GUJGASLTD,0.2625,451.95,484.8,6.78,7.92,0.79,0.75,False,False,False,True,16.69,463.94,466.11,False,False,bearish
SHYAMMETL,0.2621,989.1,999.9,1.08,16.27,1.19,2.43,True,True,False,False,59.07,944.17,885.96,True,True,bullish
BATAINDIA,0.2593,1198.0,1273.1,5.9,7.18,0.89,0.76,False,False,False,False,16.65,1209.94,1226.34,False,False,bearish
MEDANTA,0.2589,1331.0,1393.2,4.46,8.22,1.05,1.01,True,True,False,True,70.51,1325.74,1310.63,True,True,bullish
POWERINDIA,0.2588,19800.0,20525.0,3.53,11.04,0.97,0.68,True,True,False,False,200.01,19426.14,19387.03,True,True,bullish
ZENTEC,0.2575,1606.2,1925.0,16.56,19.85,0.68,0.3,False,False,True,False,48.74,1781.77,1864.65,False,False,bearish
SAREGAMA,0.2569,479.0,520.0,7.88,11.25,0.8,0.27,False,False,False,False,26.18,488.4,496.25,False,False,bearish
HAPPSTMNDS,0.2561,621.0,646.1,3.88,8.71,0.78,0.68,False,False,False,False,20.81,617.44,623.4,True,False,bearish
ABCAPITAL,0.2557,252.5,273.75,7.76,9.37,0.92,0.71,False,True,True,False,85.22,262.52,252.17,False,True,bearish
GLAND,0.2545,2100.0,2131.0,1.45,12.85,1.39,1.05,True,True,False,False,95.94,2019.64,1816.66,True,True,bullish
HEG,0.2542,525.0,563.0,6.75,13.04,1.03,0.48,True,True,False,False,50.71,525.9,507.67,False,True,bearish
TBOTEK,0.2532,1390.0,1458.0,4.66,10.58,0.84,0.34,False,False,False,False,17.32,1392.16,1364.44,False,True,bearish
SUNDARMFIN,0.2532,4752.0,5240.0,9.31,11.13,0.88,0.51,False,True,False,False,24.61,5006.11,5069.15,False,False,bearish
FSL,0.2529,332.45,363.6,8.57,10.87,0.71,0.47,False,False,False,False,28.49,342.76,359.73,False,False,bearish
CHAMBLFERT,0.2513,533.45,569.75,6.37,8.41,0.71,0.84,False,False,False,False,64.57,543.36,564.21,False,False,bearish
BALKRISIND,0.2511,2736.0,2801.3,2.33,7.69,1.22,0.97,False,True,False,False,117.65,2711.04,2606.72,True,True,bullish
SUMICHEM,0.2503,608.0,618.0,1.62,13.99,1.21,0.99,True,True,False,False,34.25,586.63,557.66,True,True,bullish
DEEPAKFERT,0.2497,1605.0,1658.3,3.21,11.28,0.99,0.68,True,True,False,False,70.18,1580.88,1536.49,True,True,bearish
CHOLAFIN,0.2495,1484.7,1587.8,6.49,8.34,0.86,0.97,False,True,False,False,308.69,1525.02,1552.89,False,False,bearish
KPIL,0.2486,1133.0,1243.9,8.92,10.57,0.75,0.48,False,False,False,True,23.38,1167.86,1191.41,False,False,bearish
CONCORDBIO,0.2477,1835.0,1980.0,7.32,10.02,0.82,0.49,False,False,False,False,33.58,1875.34,1824.89,False,True,bearish
GILLETTE,0.2477,10490.0,11500.0,8.78,11.43,1.13,0.49,True,True,False,False,33.43,10780.87,10245.84,False,True,bearish
SYRMA,0.2477,745.0,755.0,1.32,11.68,1.25,1.52,True,True,True,False,184.71,719.82,682.85,True,True,bullish
KIRLOSENG,0.2476,921.0,957.5,3.81,7.04,1.19,0.47,False,False,False,False,70.91,918.73,919.2,True,True,bearish
IRFC,0.2475,132.38,138.0,4.07,5.76,0.76,1.37,False,False,True,False,147.35,133.23,135.73,False,False,bearish
INDIAMART,0.2471,2585.0,2799.0,7.65,10.6,1.13,0.62,True,True,False,False,45.48,2592.86,2597.77,False,False,bearish
RAYMOND,0.2471,688.65,753.0,8.55,12.3,0.75,0.28,False,False,False,False,110.29,702.46,698.4,False,False,bearish
SUNTV,0.2454,573.95,614.0,6.52,9.13,0.89,0.54,False,False,False,False,17.18,577.32,571.45,False,True,bearish
NUVAMA,0.2451,7239.0,7895.0,8.31,10.48,0.91,0.62,False,True,False,False,152.72,7461.67,7437.65,False,False,bearish
HBLENGINE,0.2444,582.55,616.3,5.48,11.11,0.77,0.4,False,False,False,False,57.79,584.93,609.84,False,False,bearish
HAVELLS,0.2432,1516.0,1583.6,4.27,6.09,0.9,1.0,False,False,False,False,184.55,1531.0,1543.9,False,False,bearish
BLS,0.2432,373.5,390.5,4.35,9.45,0.88,0.52,False,False,False,False,65.26,371.05,376.48,True,False,bearish
TATAELXSI,0.2418,6086.0,6439.5,5.49,7.59,1.06,0.59,False,False,False,False,159.31,6139.93,6152.6,False,False,bearish
JSWINFRA,0.2412,311.95,328.5,5.04,8.13,1.03,1.14,True,True,False,False,65.62,313.33,313.01,False,False,bearish
ENGINERSIN,0.2388,217.0,251.8,13.82,17.51,0.95,0.38,False,True,False,False,96.13,230.07,225.65,False,False,bearish
NCC,0.2383,222.46,232.0,4.11,8.05,0.89,0.75,False,False,False,False,59.0,222.74,223.88,True,False,bearish
ALIVUS,0.238,1019.8,1102.7,7.52,9.18,0.95,0.51,False,False,True,False,8.83,1031.04,1036.5,False,False,bearish
UPL,0.2352,724.6,735.85,1.53,12.3,1.14,1.4,True,True,False,True,187.68,714.43,678.91,True,True,bullish
GRAPHITE,0.2347,552.0,597.9,7.68,11.41,0.93,0.52,False,True,False,False,47.64,558.48,548.07,False,True,bearish
VBL,0.2347,512.7,514.8,0.41,12.64,1.11,1.21,False,False,False,False,399.07,487.74,469.32,True,True,bullish
APARINDS,0.234,9716.0,9855.0,1.41,13.94,1.19,2.57,True,True,False,False,110.18,9097.76,8325.21,True,True,bullish
ADANIENSOL,0.2301,828.3,887.8,6.7,10.56,0.81,0.52,False,False,False,False,153.88,844.46,863.61,False,False,bearish
LTF,0.2294,205.9,214.8,4.14,7.8,1.08,1.32,True,True,True,True,188.63,206.31,206.51,False,False,bearish
BHEL,0.2275,241.1,259.75,7.18,10.58,0.83,0.51,False,False,False,False,103.02,246.42,249.89,False,False,bearish
SONATSOFTW,0.2274,409.95,447.3,8.35,11.75,0.82,0.35,False,False,False,False,63.72,421.17,428.9,False,False,bearish
JKTYRE,0.2263,343.95,381.8,9.91,13.58,0.89,0.22,False,False,False,False,22.64,351.84,364.61,False,False,bearish
BDL,0.2255,1621.0,1851.3,12.44,16.02,0.77,0.39,False,False,False,False,342.85,1691.92,1776.31,False,False,bearish
AMBER,0.2243,7833.0,8008.5,2.19,10.28,1.13,1.27,True,True,False,False,293.71,7502.35,7073.34,True,True,bullish
MOTHERSON,0.2237,102.55,105.95,3.21,8.75,0.98,0.93,True,False,False,False,142.89,101.39,101.92,True,True,bullish
GODIGIT,0.223,364.25,374.75,2.8,10.27,0.9,2.28,True,True,False,False,49.81,352.96,340.55,True,True,bullish
CERA,0.2226,6480.5,7100.0,8.73,10.42,0.92,0.45,False,False,False,True,28.95,6675.65,6626.42,False,False,bearish
NAM-INDIA,0.2226,810.0,876.7,7.61,11.31,1.04,0.77,True,True,False,False,74.51,822.78,821.81,False,False,bearish
TRENT,0.2221,5004.0,5470.0,8.52,10.24,0.59,0.89,False,False,False,False,677.09,5175.83,5358.62,False,False,bearish
HAL,0.2213,4518.0,4932.0,8.39,11.75,0.85,0.64,False,True,False,False,487.8,4644.94,4769.48,False,False,bearish
RELIANCE,0.2209,1416.6,1500.0,5.56,8.26,0.97,1.03,False,True,False,False,1548.66,1411.02,1423.73,True,False,bearish
DCMSHRIRAM,0.2205,1425.0,1502.3,5.15,11.12,1.43,0.61,True,True,False,False,105.96,1403.89,1265.38,True,True,bullish
HEROMOTOCO,0.2188,4331.0,4484.0,3.41,6.67,1.03,0.89,False,False,False,False,233.49,4322.64,4267.02,True,True,bearish
TATACONSUM,0.2184,1061.6,1109.7,4.33,6.15,1.09,1.94,False,True,False,False,132.52,1070.44,1083.53,False,False,bearish
RKFORGE,0.2183,600.0,679.3,11.67,13.64,0.87,0.3,False,False,False,False,38.51,626.24,663.18,False,False,bearish
KPITTECH,0.2177,1218.0,1300.9,6.37,9.93,0.76,0.76,False,False,False,True,88.8,1239.73,1253.83,False,False,bearish
PETRONET,0.2169,293.1,313.4,6.48,7.57,0.95,0.87,False,False,False,False,91.85,302.2,304.69,False,False,bearish
PVRINOX,0.216,988.25,1045.0,5.43,8.76,1.04,0.59,False,False,False,False,38.6,999.32,1006.78,False,False,bearish
TARIL,0.2152,511.5,525.65,2.69,9.71,0.85,0.84,False,False,False,False,40.82,501.31,508.07,True,True,bearish
LTIM,0.2151,5048.0,5338.0,5.43,6.58,0.99,0.99,False,False,False,False,147.81,5143.59,5221.04,False,False,bearish
MAHSEAMLES,0.215,697.0,748.75,6.91,10.68,0.9,0.79,False,True,False,False,20.44,706.44,709.32,False,False,bearish
SYNGENE,0.2143,709.7,712.75,0.43,12.97,1.58,2.43,False,False,False,False,91.24,680.24,649.42,True,True,bullish
AIAENG,0.214,3183.4,3472.0,8.31,9.74,0.96,0.56,False,False,False,False,16.79,3288.84,3339.03,False,False,bearish
CRAFTSMAN,0.2138,6465.0,6688.0,3.33,12.19,1.08,0.66,True,True,False,False,41.74,6323.97,5772.51,True,True,bullish
HONASA,0.2137,266.25,301.0,11.54,15.21,0.83,0.39,False,False,False,True,12.33,275.25,293.01,False,False,bearish
PNCINFRA,0.2136,320.0,331.8,3.56,10.84,0.99,0.65,True,False,False,False,24.57,310.58,306.85,True,True,bullish
JBMA,0.2112,650.0,680.0,4.41,7.38,0.74,1.43,False,False,False,False,32.05,648.23,647.87,False,False,bullish
ACE,0.2109,1124.9,1199.0,6.18,10.78,0.82,0.59,False,False,False,False,15.61,1128.61,1185.31,False,False,bearish
SRF,0.2099,3109.0,3260.4,4.64,7.93,1.22,1.15,True,True,True,False,144.75,3127.81,3213.74,False,False,bearish
KPRMILL,0.2087,1148.0,1257.0,8.67,10.28,1.0,0.76,False,True,False,True,67.95,1190.65,1198.64,False,False,bearish
MANKIND,0.2082,2555.0,2716.5,5.95,7.81,1.29,0.88,False,True,False,False,225.65,2591.48,2572.76,False,False,bearish
OFSS,0.2056,8645.0,9034.5,4.31,6.12,0.92,1.2,False,False,True,True,106.08,8729.91,8763.66,False,False,bearish
UNIONBANK,0.2053,133.05,144.7,8.05,10.35,0.81,1.01,False,True,False,False,181.45,136.93,138.93,False,False,bearish
DELHIVERY,0.2029,422.25,449.45,6.05,10.75,1.05,0.96,True,True,False,False,125.35,427.03,387.14,False,True,bullish
POLYMED,0.1999,1975.0,2230.0,11.43,14.17,0.75,0.56,False,False,False,False,23.46,2054.49,2165.47,False,False,bearish
UBL,0.1997,1978.0,2110.0,6.26,8.49,0.9,2.21,False,True,False,False,36.22,2003.74,1983.57,False,False,bearish
DABUR,0.199,518.5,536.5,3.36,5.69,1.11,1.06,False,False,False,False,139.92,517.2,500.7,True,True,bullish
KEI,0.1987,3918.0,4034.4,2.89,10.78,0.99,1.11,True,True,False,False,147.67,3903.44,3777.45,True,True,bullish
ABB,0.1984,5590.0,5872.0,4.8,7.23,1.08,0.87,False,False,False,False,186.2,5656.01,5786.88,False,False,bearish
CROMPTON,0.1975,328.6,353.25,6.98,8.51,0.98,0.82,False,False,True,False,61.54,335.26,343.92,False,False,bearish
INDIACEM,0.1973,365.2,375.0,2.61,12.39,1.06,0.98,True,True,False,False,26.26,358.49,351.35,True,True,bullish
TANLA,0.1973,642.2,690.0,6.93,12.61,1.0,0.57,True,False,False,False,43.7,649.87,643.32,False,False,bearish
360ONE,0.1973,1083.8,1228.8,11.8,15.67,0.78,0.85,False,True,False,False,265.92,1123.8,1121.7,False,False,bearish
KIRLOSBROS,0.1973,1950.0,2257.9,13.64,18.1,0.99,0.28,False,False,False,False,56.02,2035.52,2186.13,False,False,bearish
GPPL,0.1957,160.01,168.2,4.87,8.69,0.92,0.87,False,False,False,False,23.27,160.39,156.66,False,True,bearish
CGCL,0.1955,181.8,190.3,4.47,9.15,1.05,0.64,False,False,False,False,85.65,181.25,173.05,False,True,bullish
VTL,0.195,462.5,506.6,8.71,10.92,0.9,0.57,False,False,True,False,35.01,479.58,499.38,False,False,bearish
PGEL,0.1946,807.0,836.45,3.52,9.69,0.93,0.72,False,False,False,False,172.37,798.82,784.47,True,True,bullish
CAMS,0.1946,3916.0,4289.0,8.7,10.65,0.87,0.65,False,False,False,False,128.68,4081.64,4099.05,False,False,bearish
TITAGARH,0.194,874.0,959.0,8.86,15.73,0.83,0.5,False,False,False,True,109.99,897.06,934.79,False,False,bearish
RAINBOW,0.1939,1530.0,1645.7,7.03,9.52,1.05,1.61,True,True,False,False,37.2,1542.79,1536.84,False,False,bearish
BASF,0.1924,5060.0,5260.0,3.8,8.13,1.05,0.81,False,False,False,False,10.75,5039.25,5004.06,True,True,bearish
SOBHA,0.1911,1562.0,1732.5,9.84,15.33,1.01,0.58,True,False,False,False,66.48,1614.96,1565.46,False,False,bearish
J&KBANK,0.1888,106.0,116.4,8.93,12.26,0.96,0.67,False,True,False,False,38.81,109.33,111.13,False,False,bearish
ANGELONE,0.1868,2649.0,2872.0,7.76,11.02,0.83,0.69,False,False,False,False,365.6,2706.96,2767.07,False,False,bearish
HSCL,0.1861,486.95,534.45,8.89,11.51,0.96,0.46,False,False,False,False,102.76,500.68,508.41,False,False,bearish
BLUESTARCO,0.1855,1743.0,1922.4,9.33,11.61,0.95,0.46,False,False,True,False,141.74,1770.54,1746.05,False,False,bearish
CRISIL,0.1852,5311.5,6130.0,13.35,16.1,0.92,0.44,False,False,False,False,28.15,5633.97,5586.83,False,False,bearish
AAVAS,0.1844,1760.0,2013.9,12.61,16.1,0.92,0.44,False,False,False,False,32.88,1856.39,1892.58,False,False,bearish
MAZDOCK,0.1836,2717.0,3149.5,13.73,18.57,0.71,0.71,False,False,False,False,447.89,2902.58,3139.18,False,False,bearish
NETWEB,0.1834,1964.6,2008.6,2.19,9.98,1.01,1.04,False,False,False,False,88.32,1920.06,1861.49,True,True,bullish
INOXINDIA,0.1821,1170.0,1279.0,8.52,10.51,1.03,0.84,False,True,False,False,9.91,1206.59,1238.04,False,False,bearish
COHANCE,0.1816,1002.0,1121.15,10.63,13.74,0.88,0.51,False,False,False,False,23.5,1029.53,1037.28,False,False,bearish
KAYNES,0.1812,5547.5,6090.0,8.91,12.35,0.78,0.63,False,False,False,False,189.71,5717.36,6013.73,False,False,bearish
JUBLPHARMA,0.1797,1153.6,1242.0,7.12,12.92,0.99,0.68,False,True,False,False,35.28,1181.87,1179.58,False,False,bearish
RAYMONDLSL,0.1785,1116.0,1292.7,13.67,19.96,0.94,0.45,False,False,False,False,38.2,1149.74,1260.68,False,False,bearish
BANDHANBNK,0.1781,173.9,188.15,7.57,9.11,0.97,0.85,False,False,False,False,154.4,178.8,176.42,False,False,bearish
NAUKRI,0.1773,1412.3,1485.0,4.9,9.28,0.93,0.89,False,False,False,False,228.14,1422.38,1418.02,False,False,bearish
TRITURBINE,0.1762,607.1,675.2,10.09,12.82,0.87,0.55,False,False,False,False,67.93,628.94,644.02,False,False,bearish
ARE&M,0.176,994.0,1033.25,3.8,7.02,1.02,1.11,False,False,False,False,58.4,991.3,991.56,True,True,bearish
WHIRLPOOL,0.1747,1385.4,1473.8,6.0,9.54,0.96,0.82,False,False,False,False,37.05,1399.84,1359.47,False,True,bearish
TCS,0.1746,3057.0,3272.0,6.57,7.55,0.92,1.18,False,False,False,False,993.85,3123.03,3150.8,False,False,bearish
GVT&D,0.1705,2480.0,2569.8,3.49,12.29,1.04,0.97,True,True,False,False,105.17,2435.49,2262.71,True,True,bullish
SWSOLAR,0.1698,291.0,341.0,14.66,21.25,0.91,0.54,False,False,False,False,126.51,302.23,325.95,False,False,bearish
JUSTDIAL,0.1694,850.2,957.9,11.24,13.49,0.89,0.57,False,False,False,True,25.46,869.04,908.44,False,False,bearish
DALBHARAT,0.1669,2198.9,2343.0,6.15,9.32,1.28,1.5,True,True,True,False,86.06,2226.14,2136.89,False,True,bearish
KIMS,0.1666,750.9,798.4,5.95,13.34,1.04,1.01,True,True,False,False,50.81,755.99,728.55,False,True,bullish
PREMIERENE,0.1661,1050.7,1136.4,7.54,9.56,1.0,0.81,False,False,False,False,135.16,1072.85,1099.28,False,False,bearish
ADANIGREEN,0.1639,1016.4,1054.9,3.65,8.06,0.94,1.13,False,False,False,False,200.73,1013.31,999.47,True,True,bearish
CGPOWER,0.1635,660.0,695.5,5.1,7.58,0.95,1.34,False,False,False,False,201.26,669.9,671.44,False,False,bearish
ETERNAL,0.1629,306.2,314.45,2.62,18.88,1.28,1.01,True,True,False,False,1307.29,295.84,264.05,True,True,bullish
CARBORUNIV,0.1615,930.0,1004.6,7.43,8.97,0.9,1.06,False,False,False,False,12.56,962.29,977.46,False,False,bearish
METROPOLIS,0.1614,1945.6,2064.0,5.74,12.08,1.36,0.53,False,True,False,False,59.92,1967.13,1966.55,False,False,bearish
PEL,0.1606,1300.0,1351.0,3.77,11.04,1.32,0.98,True,True,False,True,142.28,1290.64,1218.29,True,True,bullish
ELECON,0.1592,584.6,637.85,8.35,13.32,0.87,0.66,False,False,False,False,51.06,589.47,616.9,False,False,bearish
GODFRYPHLP,0.1574,8952.0,9828.0,8.91,16.26,1.02,1.08,True,True,False,False,200.0,8965.69,8561.3,False,True,bearish
CLEAN,0.1558,1238.0,1489.9,16.91,21.28,0.95,0.58,False,False,True,True,17.69,1294.67,1376.76,False,False,bearish
M&MFIN,0.1551,251.9,267.45,5.81,8.38,0.89,1.49,False,False,False,False,79.95,256.52,260.23,False,False,bearish
ZFCVINDIA,0.1522,13240.0,14185.0,6.66,10.46,0.85,0.96,False,False,False,True,12.63,13302.21,13137.05,False,True,bullish
TECHM,0.1514,1458.0,1611.0,9.5,11.98,0.98,0.87,False,True,False,False,333.53,1504.05,1571.55,False,False,bearish
SBFC,0.1513,106.79,120.0,11.01,12.83,0.89,0.97,False,True,False,False,30.31,112.85,115.22,False,False,bearish
CAMPUS,0.1505,273.3,304.4,10.22,13.3,1.27,0.3,False,False,False,False,29.87,282.0,278.72,False,False,bearish
BBTC,0.1491,1935.1,2074.0,6.7,8.82,0.87,1.43,False,False,False,False,12.61,1956.81,1953.56,False,False,bearish
SAMMAANCAP,0.1489,125.38,139.54,10.15,13.98,0.96,0.61,False,False,False,False,226.36,129.01,131.06,False,False,bearish
SCHAEFFLER,0.1486,4039.1,4374.9,7.68,9.9,0.98,1.2,False,True,False,False,40.83,4132.87,4200.14,False,False,bearish
IGL,0.1478,205.0,222.21,7.74,10.81,0.79,1.0,False,False,False,False,78.82,209.0,217.04,False,False,bearish
HONAUT,0.1477,38195.0,41075.0,7.01,9.19,0.93,1.07,False,False,False,False,22.68,39536.64,40363.58,False,False,bearish
ZENSARTECH,0.1477,811.9,857.3,5.3,10.67,1.0,1.07,False,True,False,False,66.41,814.4,834.45,False,False,bearish
CDSL,0.1469,1542.1,1753.9,12.08,15.41,0.92,0.67,False,False,False,False,505.67,1632.77,1636.39,False,False,bearish
AIIL,0.1457,2825.0,2896.0,2.45,22.3,1.54,3.17,True,True,False,False,120.8,2779.14,2538.5,True,True,bullish
JMFINANCIL,0.1449,163.35,181.4,9.95,13.43,1.07,1.09,True,True,True,False,121.56,168.81,169.41,False,False,bearish
CANFINHOME,0.1446,747.9,823.9,9.22,10.63,0.94,0.86,False,False,False,False,18.98,779.37,779.16,False,False,bearish
THERMAX,0.1441,3794.0,4091.8,7.28,17.71,1.21,0.34,False,False,False,False,128.1,3766.0,3563.89,True,True,bullish
ATUL,0.1439,6717.0,7675.0,12.48,18.02,1.16,0.68,False,True,True,False,32.96,6834.71,7032.79,False,False,bearish
ICICIPRULI,0.1434,615.7,693.5,11.22,13.16,1.1,0.46,False,False,False,False,101.34,628.01,657.68,False,False,bearish
AUBANK,0.1428,740.25,820.8,9.81,13.43,1.1,0.76,False,True,False,False,198.89,751.0,755.84,False,False,bearish
AWL,0.1426,264.95,286.0,7.36,9.83,1.06,0.84,False,False,True,False,115.11,270.83,266.87,False,False,bearish
RRKABEL,0.1416,1390.0,1522.0,8.67,14.54,1.07,0.81,True,False,False,False,41.22,1406.38,1371.87,False,True,bearish
INOXWIND,0.141,156.55,175.25,10.67,14.72,0.81,0.84,False,False,False,False,111.87,160.38,170.55,False,False,bearish
AFFLE,0.1317,1965.0,2025.0,2.96,12.82,1.06,1.2,True,True,False,False,53.55,1899.59,1866.79,True,True,bullish
AARTIIND,0.1314,442.1,459.65,3.82,9.53,0.88,1.18,False,False,False,False,51.76,437.51,451.15,True,False,bearish
LICHSGFIN,0.1306,599.0,646.5,7.35,10.3,0.96,0.97,False,False,False,False,105.94,609.02,609.36,False,False,bearish
GRANULES,0.128,488.0,511.75,4.64,10.31,0.97,0.97,False,False,False,False,39.33,480.37,491.94,True,False,bearish
PRESTIGE,0.1278,1641.0,1814.0,9.54,13.58,0.97,1.03,False,True,False,True,161.11,1693.22,1705.61,False,False,bearish
KFINTECH,0.1265,1128.0,1308.3,13.78,17.18,0.72,1.04,False,False,False,False,115.05,1206.75,1268.93,False,False,bearish
CHALET,0.1256,899.0,953.85,5.75,10.97,1.06,1.07,False,True,False,False,17.71,912.18,894.15,False,True,bearish
ECLERX,0.1251,3725.9,3920.9,4.97,12.93,1.08,3.05,True,True,False,True,33.65,3679.79,3460.1,True,True,bullish
NEWGEN,0.1246,859.4,1109.9,22.57,32.58,0.79,0.96,False,False,False,True,51.09,908.04,1040.65,False,False,bearish
MPHASIS,0.1241,2782.0,2911.0,4.43,11.04,1.26,1.9,True,True,False,False,142.76,2746.64,2825.73,True,False,bearish
NEULANDLAB,0.124,13848.0,15500.0,10.66,24.36,1.35,0.46,False,False,True,False,225.69,13815.68,12746.42,True,True,bullish
UTIAMC,0.1233,1325.0,1494.8,11.36,14.75,1.24,1.06,True,True,False,False,58.62,1389.41,1400.87,False,False,bearish
GSPL,0.1208,319.95,348.0,8.06,9.35,0.95,1.19,False,False,False,False,19.91,326.74,327.74,False,False,bearish
SONACOMS,0.1203,471.95,496.45,4.94,10.8,1.04,0.86,False,False,False,False,227.1,472.9,461.66,False,True,bearish
BAJFINANCE,0.1181,887.0,970.95,8.65,10.99,0.99,1.48,False,True,False,False,703.31,919.9,921.31,False,False,bearish
GODREJAGRO,0.1117,842.5,876.35,3.86,12.63,1.14,2.96,True,True,False,False,32.56,826.51,786.73,True,True,bullish
CHOLAHLDNG,0.1115,1923.8,2169.0,11.3,14.98,0.97,1.12,False,True,True,True,45.74,2009.85,1997.25,False,False,bearish
CREDITACC,0.1099,1240.0,1401.3,11.51,13.65,1.15,2.26,True,True,False,False,134.73,1290.75,1226.87,False,True,bearish
INFY,0.1089,1513.5,1612.0,6.11,8.56,1.09,1.36,False,False,False,True,1119.32,1545.53,1574.61,False,False,bearish
WESTLIFE,0.1089,756.6,806.4,6.18,9.55,1.23,0.91,False,False,False,False,10.36,766.81,779.22,False,False,bearish
LODHA,0.1074,1248.0,1461.5,14.61,21.71,0.92,4.05,False,True,False,True,289.56,1320.76,1392.27,False,False,bearish
GODREJPROP,0.1072,2153.0,2407.9,10.59,14.3,0.89,0.95,False,False,False,True,178.95,2246.84,2283.49,False,False,bearish
CYIENT,0.1064,1230.9,1317.7,6.59,9.07,1.04,2.08,False,False,False,False,56.2,1256.66,1288.32,False,False,bearish
CANBK,0.1058,110.15,117.5,6.26,10.17,1.15,1.62,False,True,True,False,298.46,111.27,109.15,False,True,bearish
HINDCOPPER,0.1012,258.25,281.8,8.36,14.19,0.94,0.91,False,False,False,False,121.5,263.42,257.97,False,True,bearish
SAIL,0.1002,126.14,138.75,9.09,12.25,0.96,1.2,False,True,False,False,165.07,131.35,134.06,False,False,bearish
AADHARHFC,0.1,508.05,537.5,5.48,17.52,1.41,2.29,True,True,False,False,72.28,504.74,469.1,True,True,bullish
PAYTM,0.1,1075.5,1128.5,4.7,17.98,1.29,2.24,True,True,False,True,612.1,1054.91,979.82,True,True,bullish
GMDCLTD,0.1,412.0,472.4,12.79,23.69,1.42,1.24,True,True,False,False,268.21,422.91,391.6,False,True,bearish
SIGNATURE,0.0988,1130.0,1272.9,11.23,13.44,0.95,0.92,False,False,False,False,42.61,1194.12,1245.64,False,False,bearish
KAJARIACER,0.097,1170.0,1268.5,7.77,10.12,1.23,1.44,True,False,True,True,84.99,1189.39,1196.27,False,False,bearish
INTELLECT,0.0955,1034.0,1210.0,14.55,18.76,0.98,1.3,False,True,False,True,45.11,1106.88,1142.86,False,False,bearish
LATENTVIEW,0.0912,416.95,467.0,10.72,15.33,1.29,0.65,False,False,False,False,37.71,425.47,435.35,False,False,bearish
RHIM,0.0911,495.0,531.9,6.94,12.1,1.0,0.91,False,False,False,True,46.72,497.1,487.5,False,True,bullish
COLPAL,0.0907,2216.9,2412.0,8.09,9.83,1.02,1.91,False,False,False,False,167.74,2283.04,2406.48,False,False,bearish
WIPRO,0.0906,251.35,271.9,7.56,9.81,1.26,0.99,False,False,False,False,262.14,257.08,257.94,False,False,bearish
AXISBANK,0.0893,1065.0,1179.9,9.74,11.69,1.05,1.45,False,True,False,False,1038.22,1098.29,1154.79,False,False,bearish
ZEEL,0.089,118.9,146.99,19.11,25.48,1.11,0.77,False,False,False,False,231.69,128.35,138.33,False,False,bearish
MGL,0.0884,1391.5,1562.0,10.92,14.44,0.98,0.94,False,False,False,False,102.37,1432.33,1471.77,False,False,bearish
SHRIRAMFIN,0.0852,639.0,688.0,7.12,13.51,1.03,1.64,False,True,False,False,364.28,642.3,662.69,False,False,bearish
IPCALAB,0.0841,1488.0,1595.0,6.71,11.87,1.05,1.81,False,True,False,False,39.13,1484.41,1458.23,True,True,bullish
INDUSINDBK,0.0833,813.8,890.9,8.65,12.4,1.03,0.91,False,False,False,False,391.05,833.89,850.63,False,False,bearish
NLCINDIA,0.0799,239.95,248.2,3.32,9.34,1.14,1.47,False,False,False,True,42.02,237.53,229.22,True,True,bullish
BIKAJI,0.077,769.0,814.65,5.6,12.6,1.07,1.98,True,False,False,False,25.7,761.3,739.65,True,True,bullish
COFORGE,0.0766,1717.0,1915.0,10.34,15.23,1.07,2.46,False,True,False,True,372.76,1774.48,1790.2,False,False,bearish
VGUARD,0.0746,380.6,409.75,7.11,10.16,1.1,1.16,False,False,False,False,12.64,395.53,394.73,False,False,bearish
BSOFT,0.0729,410.05,436.4,6.04,13.27,1.02,0.99,False,False,False,False,56.16,405.94,418.51,True,False,bearish
PCBL,0.0715,390.7,430.0,9.14,12.52,1.04,0.98,False,False,False,False,80.19,401.91,423.84,False,False,bearish
ACC,0.0687,1829.0,1998.0,8.46,9.68,1.15,1.82,False,False,True,True,78.23,1893.45,1920.29,False,False,bearish
HCLTECH,0.0673,1475.0,1642.4,10.19,12.3,0.88,1.42,False,False,True,False,596.07,1515.36,1614.44,False,False,bearish
SBICARD,0.0664,819.95,1004.75,18.39,22.65,1.04,1.01,False,False,False,False,110.13,872.7,914.71,False,False,bearish
PNBHOUSING,0.0646,1010.6,1116.5,9.48,12.62,1.13,1.45,False,True,False,False,115.74,1043.93,1075.18,False,False,bearish
SWANENERGY,0.0643,484.75,526.7,7.96,16.24,1.21,0.81,False,False,False,False,278.28,488.8,477.48,False,True,bearish
KOTAKBANK,0.0633,1970.2,2233.6,11.79,14.24,1.14,1.35,False,True,False,False,738.13,2089.45,2163.07,False,False,bearish
CEATLTD,0.0631,3353.0,4044.0,17.09,23.0,1.17,1.16,False,True,False,True,83.36,3481.64,3588.18,False,False,bearish
BRIGADE,0.0607,1015.7,1142.0,11.06,14.58,0.91,1.31,False,False,False,False,44.72,1054.3,1093.59,False,False,bearish
CHENNPETRO,0.055,703.2,799.7,12.07,17.73,1.21,1.17,True,False,False,True,290.71,734.4,699.32,False,True,bearish
ABREL,0.0545,1937.5,2253.5,14.02,16.91,0.94,1.34,False,False,True,True,35.26,2049.27,2187.28,False,False,bearish
MASTEK,0.0537,2451.8,2818.0,13.0,16.48,1.36,0.88,False,False,True,False,102.15,2512.45,2533.19,False,False,bearish
PATANJALI,0.053,1879.5,1961.8,4.2,16.16,1.19,1.25,False,True,False,False,284.43,1873.91,1745.45,True,True,bullish
OBEROIRLTY,0.0506,1665.9,1857.0,10.29,14.45,0.96,2.11,False,False,False,False,135.45,1734.65,1813.32,False,False,bearish
NESTLEIND,0.05,2229.0,2490.0,10.48,12.12,1.24,1.34,False,True,False,False,166.39,2332.39,2400.9,False,False,bearish
SAPPHIRE,0.05,326.3,368.0,11.33,14.63,1.21,1.59,False,True,True,False,73.62,335.09,336.87,False,False,bearish
POONAWALLA,0.05,411.5,465.9,11.68,15.75,1.25,2.4,False,True,False,False,91.05,433.56,456.56,False,False,bearish
VIJAYA,0.05,1118.35,1164.7,3.98,15.92,1.53,5.01,False,True,False,True,61.65,1076.18,1028.08,True,True,bullish
HOMEFIRST,0.05,1306.0,1519.0,14.02,17.47,1.24,1.67,False,True,False,False,65.02,1384.21,1381.37,False,False,bearish
OLECTRA,0.05,1437.0,1586.2,9.41,26.14,1.5,4.46,False,True,False,False,204.07,1383.78,1282.51,True,True,bullish
3MINDIA,0.0459,30900.0,32090.0,3.71,10.24,1.19,1.97,False,False,True,False,20.94,30819.61,29723.28,True,True,bullish
FIVESTAR,0.0443,650.0,794.45,18.18,31.12,1.04,1.14,False,False,False,False,67.46,702.38,732.47,False,False,bearish
ELGIEQUIP,0.0306,563.55,608.4,7.37,12.19,1.05,1.75,False,False,False,False,74.55,563.2,534.09,False,True,bullish
ANANTRAJ,0.0256,580.0,620.0,6.45,12.52,1.08,1.61,False,False,False,False,183.41,572.76,553.92,True,True,bearish
APLAPOLLO,0.0252,1523.7,1726.0,11.72,15.36,1.08,1.97,False,False,False,True,132.52,1606.78,1704.26,False,False,bearish
TEJASNET,0.0239,594.05,703.8,15.59,23.1,1.1,1.18,False,False,False,False,72.39,615.88,672.43,False,False,bearish
PERSISTENT,0.0188,5174.0,5849.0,11.54,14.75,1.11,2.38,False,False,True,True,311.17,5357.21,5586.89,False,False,bearish
NATCOPHARM,0.0184,960.0,1059.0,9.35,12.93,1.34,1.09,False,False,False,False,173.75,985.08,997.41,False,False,bearish
MRPL,0.0013,131.7,158.3,16.8,21.67,1.19,2.59,False,False,True,False,113.35,141.62,144.8,False,False,bearish
PPLPHARMA,0.0,206.04,220.85,6.71,13.4,1.24,1.29,False,False,False,False,125.11,205.77,203.52,False,True,bearish
IEX,0.0,134.95,209.99,35.74,58.16,1.72,5.78,False,False,True,False,497.74,162.83,194.88,False,False,bearish
